feature,dtype,missing_pct,is_constant,is_near_constant,is_leakage,target_corr,redundant_with,decision,reason
BUREAU_AMT_CREDIT_SUM_OVERDUE_MIN,float64,14.31,False,True,False,-0.0004,,drop,near-constant (dominant value >= 99.5%)
BUREAU_CNT_CREDIT_PROLONG_MIN,float64,14.31,False,True,False,-0.0023,,drop,near-constant (dominant value >= 99.5%)
BUREAU_CREDIT_CURRENCY_NUNIQUE,float64,14.31,False,True,False,-0.0035,,drop,near-constant (dominant value >= 99.5%)
BUREAU_CREDIT_DAY_OVERDUE_MIN,float64,14.31,False,True,False,0.0048,,drop,near-constant (dominant value >= 99.5%)
FLAG_CONT_MOBILE,int64,0.0,False,True,False,-0.0016,,drop,near-constant (dominant value >= 99.5%)
FLAG_DOCUMENT_10,int64,0.0,False,True,False,-0.0012,,drop,near-constant (dominant value >= 99.5%)
FLAG_DOCUMENT_11,int64,0.0,False,True,False,-0.004,,drop,near-constant (dominant value >= 99.5%)
FLAG_DOCUMENT_12,int64,0.0,False,True,False,-0.0006,,drop,near-constant (dominant value >= 99.5%)
FLAG_DOCUMENT_13,int64,0.0,False,True,False,-0.0114,,drop,near-constant (dominant value >= 99.5%)
FLAG_DOCUMENT_14,int64,0.0,False,True,False,-0.0087,,drop,near-constant (dominant value >= 99.5%)
FLAG_DOCUMENT_15,int64,0.0,False,True,False,-0.0068,,drop,near-constant (dominant value >= 99.5%)
FLAG_DOCUMENT_17,int64,0.0,False,True,False,-0.0037,,drop,near-constant (dominant value >= 99.5%)
FLAG_DOCUMENT_19,int64,0.0,False,True,False,-0.0013,,drop,near-constant (dominant value >= 99.5%)
FLAG_DOCUMENT_2,int64,0.0,False,True,False,0.0047,,drop,near-constant (dominant value >= 99.5%)
FLAG_DOCUMENT_20,int64,0.0,False,True,False,0.0013,,drop,near-constant (dominant value >= 99.5%)
FLAG_DOCUMENT_21,int64,0.0,False,True,False,0.0047,,drop,near-constant (dominant value >= 99.5%)
FLAG_DOCUMENT_4,int64,0.0,False,True,False,-0.0028,,drop,near-constant (dominant value >= 99.5%)
FLAG_DOCUMENT_7,int64,0.0,False,True,False,-0.0008,,drop,near-constant (dominant value >= 99.5%)
FLAG_DOCUMENT_9,int64,0.0,False,True,False,-0.0047,,drop,near-constant (dominant value >= 99.5%)
FLAG_MOBIL,int64,0.0,False,True,False,0.0006,,drop,near-constant (dominant value >= 99.5%)
PREV_CC_AMT_DRAWINGS_OTHER_CURRENT_MIN_MAX,float64,82.79,False,True,False,-0.0028,PREV_CC_AMT_DRAWINGS_OTHER_CURRENT_MIN_MEAN (corr=1.000),drop,near-constant (dominant value >= 99.5%)
PREV_CC_AMT_DRAWINGS_OTHER_CURRENT_MIN_MEAN,float64,82.79,False,True,False,-0.0028,,drop,near-constant (dominant value >= 99.5%)
PREV_CC_CNT_DRAWINGS_OTHER_CURRENT_MIN_MAX,float64,82.79,False,True,False,-0.0028,PREV_CC_CNT_DRAWINGS_OTHER_CURRENT_MIN_MEAN (corr=1.000),drop,near-constant (dominant value >= 99.5%)
PREV_CC_CNT_DRAWINGS_OTHER_CURRENT_MIN_MEAN,float64,82.79,False,True,False,-0.0028,,drop,near-constant (dominant value >= 99.5%)
PREV_CC_SK_DPD_DEF_MIN_MAX,float64,74.66,True,False,False,,,drop,constant (single unique value)
PREV_CC_SK_DPD_DEF_MIN_MEAN,float64,74.66,True,False,False,,,drop,constant (single unique value)
PREV_CC_SK_DPD_MIN_MAX,float64,74.66,True,False,False,,,drop,constant (single unique value)
PREV_CC_SK_DPD_MIN_MEAN,float64,74.66,True,False,False,,,drop,constant (single unique value)
PREV_INST_NUM_INSTALMENT_NUMBER_MIN_MAX,float64,5.89,False,True,False,0.005,PREV_INST_NUM_INSTALMENT_NUMBER_MIN_MEAN (corr=0.951),drop,near-constant (dominant value >= 99.5%)
PREV_INST_NUM_INSTALMENT_NUMBER_MIN_MEAN,float64,5.89,False,True,False,0.0057,,drop,near-constant (dominant value >= 99.5%)
PREV_NFLAG_LAST_APPL_IN_DAY_MAX,float64,5.35,False,True,False,-0.0014,,drop,near-constant (dominant value >= 99.5%)
PREV_POS_SK_DPD_DEF_MIN_MAX,float64,6.68,False,True,False,-0.0006,PREV_POS_SK_DPD_DEF_MIN_MEAN (corr=1.000),drop,near-constant (dominant value >= 99.5%)
PREV_POS_SK_DPD_DEF_MIN_MEAN,float64,6.68,False,True,False,-0.0006,,drop,near-constant (dominant value >= 99.5%)
PREV_POS_SK_DPD_MIN_MAX,float64,6.68,False,True,False,-0.0009,PREV_POS_SK_DPD_MIN_MEAN (corr=0.981),drop,near-constant (dominant value >= 99.5%)
PREV_POS_SK_DPD_MIN_MEAN,float64,6.68,False,True,False,-0.0009,,drop,near-constant (dominant value >= 99.5%)
PREV_RATE_INTEREST_PRIMARY_MAX,float64,98.5,False,False,False,-0.0039,PREV_RATE_INTEREST_PRIMARY_MEAN (corr=0.998); PREV_RATE_INTEREST_PRIMARY_MIN (corr=0.990),drop,"extremely high missing (98.5% >= 95%), unreliable"
PREV_RATE_INTEREST_PRIMARY_MEAN,float64,98.5,False,False,False,-0.0036,,drop,"extremely high missing (98.5% >= 95%), unreliable"
PREV_RATE_INTEREST_PRIMARY_MIN,float64,98.5,False,False,False,-0.0033,PREV_RATE_INTEREST_PRIMARY_MEAN (corr=0.998),drop,"extremely high missing (98.5% >= 95%), unreliable"
PREV_RATE_INTEREST_PRIMARY_STD,float64,99.94,False,False,False,-0.0211,,drop,"extremely high missing (99.9% >= 95%), unreliable"
PREV_RATE_INTEREST_PRIVILEGED_MAX,float64,98.5,False,False,False,0.0303,PREV_RATE_INTEREST_PRIVILEGED_MEAN (corr=0.994); PREV_RATE_INTEREST_PRIVILEGED_MIN (corr=0.975),drop,"extremely high missing (98.5% >= 95%), unreliable"
PREV_RATE_INTEREST_PRIVILEGED_MEAN,float64,98.5,False,False,False,0.0296,,drop,"extremely high missing (98.5% >= 95%), unreliable"
PREV_RATE_INTEREST_PRIVILEGED_MIN,float64,98.5,False,False,False,0.0287,PREV_RATE_INTEREST_PRIVILEGED_MEAN (corr=0.994),drop,"extremely high missing (98.5% >= 95%), unreliable"
PREV_RATE_INTEREST_PRIVILEGED_STD,float64,99.94,False,False,False,0.0514,,drop,"extremely high missing (99.9% >= 95%), unreliable"
AMT_ANNUITY,float64,0.0,False,False,False,-0.0127,,keep,missing=0.0%; target_corr=-0.013
AMT_CREDIT,float64,0.0,False,False,False,-0.0308,,keep,missing=0.0%; target_corr=-0.031
AMT_GOODS_PRICE,float64,0.09,False,False,False,-0.0399,AMT_CREDIT (corr=0.987),keep,"missing=0.1%; target_corr=-0.040; redundant_with=[AMT_CREDIT (corr=0.987)] (kept, monitor for linear models)"
AMT_INCOME_TOTAL,float64,0.0,False,False,False,-0.0027,,keep,missing=0.0%; target_corr=-0.003
AMT_REQ_CREDIT_BUREAU_DAY,float64,13.5,False,False,False,0.0033,,keep,missing=13.5%; target_corr=0.003
AMT_REQ_CREDIT_BUREAU_HOUR,float64,13.5,False,False,False,0.0012,,keep,missing=13.5%; target_corr=0.001
AMT_REQ_CREDIT_BUREAU_MON,float64,13.5,False,False,False,-0.0118,,keep,missing=13.5%; target_corr=-0.012
AMT_REQ_CREDIT_BUREAU_QRT,float64,13.5,False,False,False,-0.0034,,keep,missing=13.5%; target_corr=-0.003
AMT_REQ_CREDIT_BUREAU_WEEK,float64,13.5,False,False,False,0.0016,,keep,missing=13.5%; target_corr=0.002
AMT_REQ_CREDIT_BUREAU_YEAR,float64,13.5,False,False,False,0.019,,keep,missing=13.5%; target_corr=0.019
APARTMENTS_AVG,float64,50.75,False,False,False,-0.0294,,keep,missing=50.7%; target_corr=-0.029
APARTMENTS_MEDI,float64,50.75,False,False,False,-0.0292,APARTMENTS_AVG (corr=0.995); APARTMENTS_MODE (corr=0.978),keep,"missing=50.7%; target_corr=-0.029; redundant_with=[APARTMENTS_AVG (corr=0.995); APARTMENTS_MODE (corr=0.978)] (kept, monitor for linear models)"
APARTMENTS_MODE,float64,50.75,False,False,False,-0.0272,APARTMENTS_AVG (corr=0.974),keep,"missing=50.7%; target_corr=-0.027; redundant_with=[APARTMENTS_AVG (corr=0.974)] (kept, monitor for linear models)"
BASEMENTAREA_AVG,float64,58.52,False,False,False,-0.0216,,keep,missing=58.5%; target_corr=-0.022
BASEMENTAREA_MEDI,float64,58.52,False,False,False,-0.0208,BASEMENTAREA_AVG (corr=0.994); BASEMENTAREA_MODE (corr=0.978),keep,"missing=58.5%; target_corr=-0.021; redundant_with=[BASEMENTAREA_AVG (corr=0.994); BASEMENTAREA_MODE (corr=0.978)] (kept, monitor for linear models)"
BASEMENTAREA_MODE,float64,58.52,False,False,False,-0.019,BASEMENTAREA_AVG (corr=0.973),keep,"missing=58.5%; target_corr=-0.019; redundant_with=[BASEMENTAREA_AVG (corr=0.973)] (kept, monitor for linear models)"
BUREAU_AMT_ANNUITY_MAX,float64,73.98,False,False,False,-0.0034,,keep,missing=74.0%; target_corr=-0.003
BUREAU_AMT_ANNUITY_MEAN,float64,73.98,False,False,False,-0.0033,,keep,missing=74.0%; target_corr=-0.003
BUREAU_AMT_ANNUITY_MIN,float64,73.98,False,False,False,-0.0021,,keep,missing=74.0%; target_corr=-0.002
BUREAU_AMT_ANNUITY_STD,float64,79.66,False,False,False,-0.0037,BUREAU_AMT_ANNUITY_MAX (corr=0.959),keep,"missing=79.7%; target_corr=-0.004; redundant_with=[BUREAU_AMT_ANNUITY_MAX (corr=0.959)] (kept, monitor for linear models)"
BUREAU_AMT_ANNUITY_SUM,float64,14.31,False,False,False,0.0002,,keep,missing=14.3%; target_corr=0.000
BUREAU_AMT_CREDIT_MAX_OVERDUE_MAX,float64,40.2,False,False,False,0.0018,BUREAU_AMT_CREDIT_MAX_OVERDUE_MEAN (corr=0.953),keep,"missing=40.2%; target_corr=0.002; redundant_with=[BUREAU_AMT_CREDIT_MAX_OVERDUE_MEAN (corr=0.953)] (kept, monitor for linear models)"
BUREAU_AMT_CREDIT_MAX_OVERDUE_MEAN,float64,40.2,False,False,False,0.0017,,keep,missing=40.2%; target_corr=0.002
BUREAU_AMT_CREDIT_MAX_OVERDUE_MIN,float64,40.2,False,False,False,0.0017,,keep,missing=40.2%; target_corr=0.002
BUREAU_AMT_CREDIT_MAX_OVERDUE_STD,float64,61.44,False,False,False,0.0006,BUREAU_AMT_CREDIT_MAX_OVERDUE_MEAN (corr=0.998); BUREAU_AMT_CREDIT_MAX_OVERDUE_MAX (corr=0.996); BUREAU_AMT_CREDIT_MAX_OVERDUE_SUM (corr=0.991),keep,"missing=61.4%; target_corr=0.001; redundant_with=[BUREAU_AMT_CREDIT_MAX_OVERDUE_MEAN (corr=0.998); BUREAU_AMT_CREDIT_MAX_OVERDUE_MAX (corr=0.996); BUREAU_AMT_CREDIT_MAX_OVERDUE_SUM (corr=0.991)] (kept, monitor for linear models)"
BUREAU_AMT_CREDIT_MAX_OVERDUE_SUM,float64,14.31,False,False,False,0.0018,BUREAU_AMT_CREDIT_MAX_OVERDUE_MAX (corr=0.999); BUREAU_AMT_CREDIT_MAX_OVERDUE_MEAN (corr=0.950),keep,"missing=14.3%; target_corr=0.002; redundant_with=[BUREAU_AMT_CREDIT_MAX_OVERDUE_MAX (corr=0.999); BUREAU_AMT_CREDIT_MAX_OVERDUE_MEAN (corr=0.950)] (kept, monitor for linear models)"
BUREAU_AMT_CREDIT_SUM_DEBT_MAX,float64,16.71,False,False,False,-0.0031,,keep,missing=16.7%; target_corr=-0.003
BUREAU_AMT_CREDIT_SUM_DEBT_MEAN,float64,16.71,False,False,False,-0.0009,,keep,missing=16.7%; target_corr=-0.001
BUREAU_AMT_CREDIT_SUM_DEBT_MIN,float64,16.71,False,False,False,0.0,,keep,missing=16.7%; target_corr=0.000
BUREAU_AMT_CREDIT_SUM_DEBT_STD,float64,30.37,False,False,False,-0.0038,BUREAU_AMT_CREDIT_SUM_DEBT_MAX (corr=0.951),keep,"missing=30.4%; target_corr=-0.004; redundant_with=[BUREAU_AMT_CREDIT_SUM_DEBT_MAX (corr=0.951)] (kept, monitor for linear models)"
BUREAU_AMT_CREDIT_SUM_DEBT_SUM,float64,14.31,False,False,False,0.0064,BUREAU_AMT_CREDIT_SUM_DEBT_MAX (corr=0.952),keep,"missing=14.3%; target_corr=0.006; redundant_with=[BUREAU_AMT_CREDIT_SUM_DEBT_MAX (corr=0.952)] (kept, monitor for linear models)"
BUREAU_AMT_CREDIT_SUM_LIMIT_MAX,float64,21.16,False,False,False,-0.0108,,keep,missing=21.2%; target_corr=-0.011
BUREAU_AMT_CREDIT_SUM_LIMIT_MEAN,float64,21.16,False,False,False,-0.0116,,keep,missing=21.2%; target_corr=-0.012
BUREAU_AMT_CREDIT_SUM_LIMIT_MIN,float64,21.16,False,False,False,-0.0047,,keep,missing=21.2%; target_corr=-0.005
BUREAU_AMT_CREDIT_SUM_LIMIT_STD,float64,37.55,False,False,False,-0.012,BUREAU_AMT_CREDIT_SUM_LIMIT_MAX (corr=0.961); BUREAU_AMT_CREDIT_SUM_LIMIT_MEAN (corr=0.952),keep,"missing=37.6%; target_corr=-0.012; redundant_with=[BUREAU_AMT_CREDIT_SUM_LIMIT_MAX (corr=0.961); BUREAU_AMT_CREDIT_SUM_LIMIT_MEAN (corr=0.952)] (kept, monitor for linear models)"
BUREAU_AMT_CREDIT_SUM_LIMIT_SUM,float64,14.31,False,False,False,-0.0096,BUREAU_AMT_CREDIT_SUM_LIMIT_MAX (corr=0.953),keep,"missing=14.3%; target_corr=-0.010; redundant_with=[BUREAU_AMT_CREDIT_SUM_LIMIT_MAX (corr=0.953)] (kept, monitor for linear models)"
BUREAU_AMT_CREDIT_SUM_MAX,float64,14.32,False,False,False,-0.0204,,keep,missing=14.3%; target_corr=-0.020
BUREAU_AMT_CREDIT_SUM_MEAN,float64,14.32,False,False,False,-0.0211,,keep,missing=14.3%; target_corr=-0.021
BUREAU_AMT_CREDIT_SUM_OVERDUE_MAX,float64,14.31,False,False,False,0.0098,,keep,missing=14.3%; target_corr=0.010
BUREAU_AMT_CREDIT_SUM_OVERDUE_MEAN,float64,14.31,False,False,False,0.0065,,keep,missing=14.3%; target_corr=0.007
BUREAU_AMT_CREDIT_SUM_OVERDUE_STD,float64,26.05,False,False,False,0.0107,BUREAU_AMT_CREDIT_SUM_OVERDUE_MEAN (corr=0.979); BUREAU_AMT_CREDIT_SUM_OVERDUE_MAX (corr=0.979),keep,"missing=26.0%; target_corr=0.011; redundant_with=[BUREAU_AMT_CREDIT_SUM_OVERDUE_MEAN (corr=0.979); BUREAU_AMT_CREDIT_SUM_OVERDUE_MAX (corr=0.979)] (kept, monitor for linear models)"
BUREAU_AMT_CREDIT_SUM_OVERDUE_SUM,float64,14.31,False,False,False,0.0125,BUREAU_AMT_CREDIT_SUM_OVERDUE_MAX (corr=0.960),keep,"missing=14.3%; target_corr=0.013; redundant_with=[BUREAU_AMT_CREDIT_SUM_OVERDUE_MAX (corr=0.960)] (kept, monitor for linear models)"
BUREAU_BB_COUNT_MAX,float64,70.01,False,False,False,-0.0682,BUREAU_BB_MONTHS_BALANCE_STD_MAX (corr=1.000),keep,"missing=70.0%; target_corr=-0.068; redundant_with=[BUREAU_BB_MONTHS_BALANCE_STD_MAX (corr=1.000)] (kept, monitor for linear models)"
BUREAU_BB_COUNT_MEAN,float64,70.01,False,False,False,-0.0803,BUREAU_BB_MONTHS_BALANCE_STD_MEAN (corr=0.998),keep,"missing=70.0%; target_corr=-0.080; redundant_with=[BUREAU_BB_MONTHS_BALANCE_STD_MEAN (corr=0.998)] (kept, monitor for linear models)"
BUREAU_BB_MONTHS_BALANCE_MAX_MAX,float64,70.01,False,False,False,0.0079,,keep,missing=70.0%; target_corr=0.008
BUREAU_BB_MONTHS_BALANCE_MAX_MEAN,float64,70.01,False,False,False,0.0206,,keep,missing=70.0%; target_corr=0.021
BUREAU_BB_MONTHS_BALANCE_MEAN_MAX,float64,70.01,False,False,False,0.0466,BUREAU_DAYS_CREDIT_MAX (corr=0.960),keep,"missing=70.0%; target_corr=0.047; redundant_with=[BUREAU_DAYS_CREDIT_MAX (corr=0.960)] (kept, monitor for linear models)"
BUREAU_BB_MONTHS_BALANCE_MEAN_MEAN,float64,70.01,False,False,False,0.0747,,keep,missing=70.0%; target_corr=0.075
BUREAU_BB_MONTHS_BALANCE_MIN_MAX,float64,70.01,False,False,False,0.052,BUREAU_DAYS_CREDIT_MAX (corr=0.999); BUREAU_BB_MONTHS_BALANCE_MEAN_MAX (corr=0.960),keep,"missing=70.0%; target_corr=0.052; redundant_with=[BUREAU_DAYS_CREDIT_MAX (corr=0.999); BUREAU_BB_MONTHS_BALANCE_MEAN_MAX (corr=0.960)] (kept, monitor for linear models)"
BUREAU_BB_MONTHS_BALANCE_MIN_MEAN,float64,70.01,False,False,False,0.0879,BUREAU_DAYS_CREDIT_MEAN (corr=1.000),keep,"missing=70.0%; target_corr=0.088; redundant_with=[BUREAU_DAYS_CREDIT_MEAN (corr=1.000)] (kept, monitor for linear models)"
BUREAU_BB_MONTHS_BALANCE_STD_MAX,float64,70.08,False,False,False,-0.0676,,keep,missing=70.1%; target_corr=-0.068
BUREAU_BB_MONTHS_BALANCE_STD_MEAN,float64,70.08,False,False,False,-0.0788,,keep,missing=70.1%; target_corr=-0.079
BUREAU_BB_MONTHS_BALANCE_SUM_MAX,float64,70.01,False,False,False,0.0327,,keep,missing=70.0%; target_corr=0.033
BUREAU_BB_MONTHS_BALANCE_SUM_MEAN,float64,70.01,False,False,False,0.0724,,keep,missing=70.0%; target_corr=0.072
BUREAU_BB_STATUS_NUNIQUE_MAX,float64,70.01,False,False,False,0.015,,keep,missing=70.0%; target_corr=0.015
BUREAU_BB_STATUS_NUNIQUE_MEAN,float64,70.01,False,False,False,0.0028,,keep,missing=70.0%; target_corr=0.003
BUREAU_CNT_CREDIT_PROLONG_MAX,float64,14.31,False,False,False,0.0046,,keep,missing=14.3%; target_corr=0.005
BUREAU_CNT_CREDIT_PROLONG_MEAN,float64,14.31,False,False,False,0.0021,,keep,missing=14.3%; target_corr=0.002
BUREAU_CNT_CREDIT_PROLONG_STD,float64,26.05,False,False,False,0.0064,BUREAU_CNT_CREDIT_PROLONG_MEAN (corr=0.956); BUREAU_CNT_CREDIT_PROLONG_MAX (corr=0.952),keep,"missing=26.0%; target_corr=0.006; redundant_with=[BUREAU_CNT_CREDIT_PROLONG_MEAN (corr=0.956); BUREAU_CNT_CREDIT_PROLONG_MAX (corr=0.952)] (kept, monitor for linear models)"
BUREAU_CNT_CREDIT_PROLONG_SUM,float64,14.31,False,False,False,0.0048,BUREAU_CNT_CREDIT_PROLONG_MAX (corr=0.989),keep,"missing=14.3%; target_corr=0.005; redundant_with=[BUREAU_CNT_CREDIT_PROLONG_MAX (corr=0.989)] (kept, monitor for linear models)"
BUREAU_COUNT,float64,14.31,False,False,False,0.005,,keep,missing=14.3%; target_corr=0.005
BUREAU_CREDIT_ACTIVE_NUNIQUE,float64,14.31,False,False,False,-0.0001,,keep,missing=14.3%; target_corr=-0.000
BUREAU_CREDIT_DAY_OVERDUE_MAX,float64,14.31,False,False,False,0.0063,,keep,missing=14.3%; target_corr=0.006
BUREAU_CREDIT_DAY_OVERDUE_MEAN,float64,14.31,False,False,False,0.0068,,keep,missing=14.3%; target_corr=0.007
BUREAU_CREDIT_DAY_OVERDUE_STD,float64,26.05,False,False,False,0.0056,BUREAU_CREDIT_DAY_OVERDUE_MEAN (corr=0.960); BUREAU_CREDIT_DAY_OVERDUE_MAX (corr=0.958),keep,"missing=26.0%; target_corr=0.006; redundant_with=[BUREAU_CREDIT_DAY_OVERDUE_MEAN (corr=0.960); BUREAU_CREDIT_DAY_OVERDUE_MAX (corr=0.958)] (kept, monitor for linear models)"
BUREAU_CREDIT_DAY_OVERDUE_SUM,float64,14.31,False,False,False,0.0072,BUREAU_CREDIT_DAY_OVERDUE_MAX (corr=0.987),keep,"missing=14.3%; target_corr=0.007; redundant_with=[BUREAU_CREDIT_DAY_OVERDUE_MAX (corr=0.987)] (kept, monitor for linear models)"
BUREAU_CREDIT_TYPE_NUNIQUE,float64,14.31,False,False,False,0.0055,,keep,missing=14.3%; target_corr=0.006
BUREAU_DAYS_CREDIT_ENDDATE_MAX,float64,15.05,False,False,False,0.036,,keep,missing=15.0%; target_corr=0.036
BUREAU_DAYS_CREDIT_ENDDATE_MEAN,float64,15.05,False,False,False,0.0443,,keep,missing=15.0%; target_corr=0.044
BUREAU_DAYS_CREDIT_ENDDATE_MIN,float64,15.05,False,False,False,0.0317,,keep,missing=15.0%; target_corr=0.032
BUREAU_DAYS_CREDIT_ENDDATE_STD,float64,27.56,False,False,False,0.0363,,keep,missing=27.6%; target_corr=0.036
BUREAU_DAYS_CREDIT_ENDDATE_SUM,float64,14.31,False,False,False,0.0524,,keep,missing=14.3%; target_corr=0.052
BUREAU_DAYS_CREDIT_MAX,float64,14.31,False,False,False,0.0504,,keep,missing=14.3%; target_corr=0.050
BUREAU_DAYS_CREDIT_MEAN,float64,14.31,False,False,False,0.0886,,keep,missing=14.3%; target_corr=0.089
BUREAU_DAYS_CREDIT_MIN,float64,14.31,False,False,False,0.0737,,keep,missing=14.3%; target_corr=0.074
BUREAU_DAYS_CREDIT_STD,float64,26.05,False,False,False,-0.0488,,keep,missing=26.0%; target_corr=-0.049
BUREAU_DAYS_CREDIT_SUM,float64,14.31,False,False,False,0.0399,,keep,missing=14.3%; target_corr=0.040
BUREAU_DAYS_CREDIT_UPDATE_MAX,float64,14.31,False,False,False,0.0293,,keep,missing=14.3%; target_corr=0.029
BUREAU_DAYS_CREDIT_UPDATE_MEAN,float64,14.31,False,False,False,0.0683,,keep,missing=14.3%; target_corr=0.068
BUREAU_DAYS_CREDIT_UPDATE_MIN,float64,14.31,False,False,False,0.0414,,keep,missing=14.3%; target_corr=0.041
BUREAU_DAYS_CREDIT_UPDATE_STD,float64,26.05,False,False,False,-0.0391,,keep,missing=26.0%; target_corr=-0.039
BUREAU_DAYS_CREDIT_UPDATE_SUM,float64,14.31,False,False,False,0.0397,,keep,missing=14.3%; target_corr=0.040
BUREAU_DAYS_ENDDATE_FACT_MAX,float64,25.09,False,False,False,0.0199,,keep,missing=25.1%; target_corr=0.020
BUREAU_DAYS_ENDDATE_FACT_MEAN,float64,25.09,False,False,False,0.0522,,keep,missing=25.1%; target_corr=0.052
BUREAU_DAYS_ENDDATE_FACT_MIN,float64,25.09,False,False,False,0.0537,,keep,missing=25.1%; target_corr=0.054
BUREAU_DAYS_ENDDATE_FACT_STD,float64,42.45,False,False,False,-0.0373,,keep,missing=42.4%; target_corr=-0.037
BUREAU_DAYS_ENDDATE_FACT_SUM,float64,14.31,False,False,False,0.047,,keep,missing=14.3%; target_corr=0.047
CNT_CHILDREN,int64,0.0,False,False,False,0.0203,,keep,missing=0.0%; target_corr=0.020
CNT_FAM_MEMBERS,float64,0.0,False,False,False,0.0098,,keep,missing=0.0%; target_corr=0.010
CODE_GENDER,object,0.0,False,False,False,,,keep,missing=0.0%
COMMONAREA_AVG,float64,69.87,False,False,False,-0.016,,keep,missing=69.9%; target_corr=-0.016
COMMONAREA_MEDI,float64,69.87,False,False,False,-0.016,COMMONAREA_AVG (corr=0.996); COMMONAREA_MODE (corr=0.979),keep,"missing=69.9%; target_corr=-0.016; redundant_with=[COMMONAREA_AVG (corr=0.996); COMMONAREA_MODE (corr=0.979)] (kept, monitor for linear models)"
COMMONAREA_MODE,float64,69.87,False,False,False,-0.0137,COMMONAREA_AVG (corr=0.976),keep,"missing=69.9%; target_corr=-0.014; redundant_with=[COMMONAREA_AVG (corr=0.976)] (kept, monitor for linear models)"
DAYS_BIRTH,int64,0.0,False,False,False,0.0795,,keep,missing=0.0%; target_corr=0.079
DAYS_EMPLOYED,int64,0.0,False,False,False,-0.0454,,keep,missing=0.0%; target_corr=-0.045
DAYS_ID_PUBLISH,int64,0.0,False,False,False,0.0496,,keep,missing=0.0%; target_corr=0.050
DAYS_LAST_PHONE_CHANGE,float64,0.0,False,False,False,0.0538,,keep,missing=0.0%; target_corr=0.054
DAYS_REGISTRATION,float64,0.0,False,False,False,0.0421,,keep,missing=0.0%; target_corr=0.042
DEF_30_CNT_SOCIAL_CIRCLE,float64,0.33,False,False,False,0.0321,,keep,missing=0.3%; target_corr=0.032
DEF_60_CNT_SOCIAL_CIRCLE,float64,0.33,False,False,False,0.0321,,keep,missing=0.3%; target_corr=0.032
ELEVATORS_AVG,float64,53.3,False,False,False,-0.0345,,keep,missing=53.3%; target_corr=-0.034
ELEVATORS_MEDI,float64,53.3,False,False,False,-0.0341,ELEVATORS_AVG (corr=0.996); ELEVATORS_MODE (corr=0.983),keep,"missing=53.3%; target_corr=-0.034; redundant_with=[ELEVATORS_AVG (corr=0.996); ELEVATORS_MODE (corr=0.983)] (kept, monitor for linear models)"
ELEVATORS_MODE,float64,53.3,False,False,False,-0.0323,ELEVATORS_AVG (corr=0.979),keep,"missing=53.3%; target_corr=-0.032; redundant_with=[ELEVATORS_AVG (corr=0.979)] (kept, monitor for linear models)"
EMERGENCYSTATE_MODE,object,47.4,False,False,False,,,keep,missing=47.4%
ENTRANCES_AVG,float64,50.35,False,False,False,-0.0195,,keep,missing=50.3%; target_corr=-0.020
ENTRANCES_MEDI,float64,50.35,False,False,False,-0.0192,ENTRANCES_AVG (corr=0.997); ENTRANCES_MODE (corr=0.981),keep,"missing=50.3%; target_corr=-0.019; redundant_with=[ENTRANCES_AVG (corr=0.997); ENTRANCES_MODE (corr=0.981)] (kept, monitor for linear models)"
ENTRANCES_MODE,float64,50.35,False,False,False,-0.0177,ENTRANCES_AVG (corr=0.978),keep,"missing=50.3%; target_corr=-0.018; redundant_with=[ENTRANCES_AVG (corr=0.978)] (kept, monitor for linear models)"
EXT_SOURCE_1,float64,56.38,False,False,False,-0.1554,,keep,missing=56.4%; target_corr=-0.155
EXT_SOURCE_2,float64,0.21,False,False,False,-0.1596,,keep,missing=0.2%; target_corr=-0.160
EXT_SOURCE_3,float64,19.83,False,False,False,-0.1788,,keep,missing=19.8%; target_corr=-0.179
FLAG_DOCUMENT_16,int64,0.0,False,False,False,-0.0112,,keep,missing=0.0%; target_corr=-0.011
FLAG_DOCUMENT_18,int64,0.0,False,False,False,-0.0072,,keep,missing=0.0%; target_corr=-0.007
FLAG_DOCUMENT_3,int64,0.0,False,False,False,0.0443,,keep,missing=0.0%; target_corr=0.044
FLAG_DOCUMENT_5,int64,0.0,False,False,False,-0.0004,,keep,missing=0.0%; target_corr=-0.000
FLAG_DOCUMENT_6,int64,0.0,False,False,False,-0.0279,,keep,missing=0.0%; target_corr=-0.028
FLAG_DOCUMENT_8,int64,0.0,False,False,False,-0.0086,,keep,missing=0.0%; target_corr=-0.009
FLAG_EMAIL,int64,0.0,False,False,False,-0.0006,,keep,missing=0.0%; target_corr=-0.001
FLAG_EMP_PHONE,int64,0.0,False,False,False,0.0464,DAYS_EMPLOYED (corr=1.000),keep,"missing=0.0%; target_corr=0.046; redundant_with=[DAYS_EMPLOYED (corr=1.000)] (kept, monitor for linear models)"
FLAG_OWN_CAR,object,0.0,False,False,False,,,keep,missing=0.0%
FLAG_OWN_REALTY,object,0.0,False,False,False,,,keep,missing=0.0%
FLAG_PHONE,int64,0.0,False,False,False,-0.0238,,keep,missing=0.0%; target_corr=-0.024
FLAG_WORK_PHONE,int64,0.0,False,False,False,0.0283,,keep,missing=0.0%; target_corr=0.028
FLOORSMAX_AVG,float64,49.76,False,False,False,-0.0437,,keep,missing=49.8%; target_corr=-0.044
FLOORSMAX_MEDI,float64,49.76,False,False,False,-0.0435,FLOORSMAX_AVG (corr=0.997); FLOORSMAX_MODE (corr=0.988),keep,"missing=49.8%; target_corr=-0.043; redundant_with=[FLOORSMAX_AVG (corr=0.997); FLOORSMAX_MODE (corr=0.988)] (kept, monitor for linear models)"
FLOORSMAX_MODE,float64,49.76,False,False,False,-0.0427,FLOORSMAX_AVG (corr=0.986),keep,"missing=49.8%; target_corr=-0.043; redundant_with=[FLOORSMAX_AVG (corr=0.986)] (kept, monitor for linear models)"
FLOORSMIN_AVG,float64,67.85,False,False,False,-0.0337,,keep,missing=67.8%; target_corr=-0.034
FLOORSMIN_MEDI,float64,67.85,False,False,False,-0.0335,FLOORSMIN_AVG (corr=0.997); FLOORSMIN_MODE (corr=0.989),keep,"missing=67.8%; target_corr=-0.034; redundant_with=[FLOORSMIN_AVG (corr=0.997); FLOORSMIN_MODE (corr=0.989)] (kept, monitor for linear models)"
FLOORSMIN_MODE,float64,67.85,False,False,False,-0.0327,FLOORSMIN_AVG (corr=0.986),keep,"missing=67.8%; target_corr=-0.033; redundant_with=[FLOORSMIN_AVG (corr=0.986)] (kept, monitor for linear models)"
FONDKAPREMONT_MODE,object,68.39,False,False,False,,,keep,missing=68.4%
HAS_BUREAU_HISTORY,int64,0.0,False,False,False,,,keep,missing=0.0%
HAS_PREVIOUS_APPLICATION,int64,0.0,False,False,False,,,keep,missing=0.0%
HOUR_APPR_PROCESS_START,int64,0.0,False,False,False,-0.0259,,keep,missing=0.0%; target_corr=-0.026
HOUSETYPE_MODE,object,50.18,False,False,False,,,keep,missing=50.2%
LANDAREA_AVG,float64,59.38,False,False,False,-0.0087,,keep,missing=59.4%; target_corr=-0.009
LANDAREA_MEDI,float64,59.38,False,False,False,-0.0093,LANDAREA_AVG (corr=0.991); LANDAREA_MODE (corr=0.982),keep,"missing=59.4%; target_corr=-0.009; redundant_with=[LANDAREA_AVG (corr=0.991); LANDAREA_MODE (corr=0.982)] (kept, monitor for linear models)"
LANDAREA_MODE,float64,59.38,False,False,False,-0.0082,LANDAREA_AVG (corr=0.973),keep,"missing=59.4%; target_corr=-0.008; redundant_with=[LANDAREA_AVG (corr=0.973)] (kept, monitor for linear models)"
LIVE_CITY_NOT_WORK_CITY,int64,0.0,False,False,False,0.0333,,keep,missing=0.0%; target_corr=0.033
LIVE_REGION_NOT_WORK_REGION,int64,0.0,False,False,False,0.0027,,keep,missing=0.0%; target_corr=0.003
LIVINGAPARTMENTS_AVG,float64,68.35,False,False,False,-0.0246,,keep,missing=68.4%; target_corr=-0.025
LIVINGAPARTMENTS_MEDI,float64,68.35,False,False,False,-0.0241,LIVINGAPARTMENTS_AVG (corr=0.994); LIVINGAPARTMENTS_MODE (corr=0.975),keep,"missing=68.4%; target_corr=-0.024; redundant_with=[LIVINGAPARTMENTS_AVG (corr=0.994); LIVINGAPARTMENTS_MODE (corr=0.975)] (kept, monitor for linear models)"
LIVINGAPARTMENTS_MODE,float64,68.35,False,False,False,-0.0229,LIVINGAPARTMENTS_AVG (corr=0.969),keep,"missing=68.4%; target_corr=-0.023; redundant_with=[LIVINGAPARTMENTS_AVG (corr=0.969)] (kept, monitor for linear models)"
LIVINGAREA_AVG,float64,50.19,False,False,False,-0.0324,,keep,missing=50.2%; target_corr=-0.032
LIVINGAREA_MEDI,float64,50.19,False,False,False,-0.0323,LIVINGAREA_AVG (corr=0.995); LIVINGAREA_MODE (corr=0.975),keep,"missing=50.2%; target_corr=-0.032; redundant_with=[LIVINGAREA_AVG (corr=0.995); LIVINGAREA_MODE (corr=0.975)] (kept, monitor for linear models)"
LIVINGAREA_MODE,float64,50.19,False,False,False,-0.0303,LIVINGAREA_AVG (corr=0.972),keep,"missing=50.2%; target_corr=-0.030; redundant_with=[LIVINGAREA_AVG (corr=0.972)] (kept, monitor for linear models)"
NAME_CONTRACT_TYPE,object,0.0,False,False,False,,,keep,missing=0.0%
NAME_EDUCATION_TYPE,object,0.0,False,False,False,,,keep,missing=0.0%
NAME_FAMILY_STATUS,object,0.0,False,False,False,,,keep,missing=0.0%
NAME_HOUSING_TYPE,object,0.0,False,False,False,,,keep,missing=0.0%
NAME_INCOME_TYPE,object,0.0,False,False,False,,,keep,missing=0.0%
NAME_TYPE_SUITE,object,0.42,False,False,False,,,keep,missing=0.4%
NONLIVINGAPARTMENTS_AVG,float64,69.43,False,False,False,-0.0004,,keep,missing=69.4%; target_corr=-0.000
NONLIVINGAPARTMENTS_MEDI,float64,69.43,False,False,False,0.0,NONLIVINGAPARTMENTS_AVG (corr=0.989); NONLIVINGAPARTMENTS_MODE (corr=0.981),keep,"missing=69.4%; target_corr=0.000; redundant_with=[NONLIVINGAPARTMENTS_AVG (corr=0.989); NONLIVINGAPARTMENTS_MODE (corr=0.981)] (kept, monitor for linear models)"
NONLIVINGAPARTMENTS_MODE,float64,69.43,False,False,False,0.0013,NONLIVINGAPARTMENTS_AVG (corr=0.970),keep,"missing=69.4%; target_corr=0.001; redundant_with=[NONLIVINGAPARTMENTS_AVG (corr=0.970)] (kept, monitor for linear models)"
NONLIVINGAREA_AVG,float64,55.18,False,False,False,-0.0126,,keep,missing=55.2%; target_corr=-0.013
NONLIVINGAREA_MEDI,float64,55.18,False,False,False,-0.0123,NONLIVINGAREA_AVG (corr=0.991); NONLIVINGAREA_MODE (corr=0.976),keep,"missing=55.2%; target_corr=-0.012; redundant_with=[NONLIVINGAREA_AVG (corr=0.991); NONLIVINGAREA_MODE (corr=0.976)] (kept, monitor for linear models)"
NONLIVINGAREA_MODE,float64,55.18,False,False,False,-0.0118,NONLIVINGAREA_AVG (corr=0.967),keep,"missing=55.2%; target_corr=-0.012; redundant_with=[NONLIVINGAREA_AVG (corr=0.967)] (kept, monitor for linear models)"
OBS_30_CNT_SOCIAL_CIRCLE,float64,0.33,False,False,False,0.0108,,keep,missing=0.3%; target_corr=0.011
OBS_60_CNT_SOCIAL_CIRCLE,float64,0.33,False,False,False,0.0106,OBS_30_CNT_SOCIAL_CIRCLE (corr=0.999),keep,"missing=0.3%; target_corr=0.011; redundant_with=[OBS_30_CNT_SOCIAL_CIRCLE (corr=0.999)] (kept, monitor for linear models)"
OCCUPATION_TYPE,object,31.35,False,False,False,,,keep,missing=31.3%
ORGANIZATION_TYPE,object,0.0,False,False,False,,,keep,missing=0.0%
OWN_CAR_AGE,float64,65.99,False,False,False,0.0383,,keep,missing=66.0%; target_corr=0.038
PREV_AMT_ANNUITY_MAX,float64,5.49,False,False,False,-0.0302,,keep,missing=5.5%; target_corr=-0.030
PREV_AMT_ANNUITY_MEAN,float64,5.49,False,False,False,-0.0372,,keep,missing=5.5%; target_corr=-0.037
PREV_AMT_ANNUITY_MIN,float64,5.49,False,False,False,-0.0349,,keep,missing=5.5%; target_corr=-0.035
PREV_AMT_ANNUITY_STD,float64,26.21,False,False,False,-0.0229,,keep,missing=26.2%; target_corr=-0.023
PREV_AMT_ANNUITY_SUM,float64,5.35,False,False,False,-0.0065,,keep,missing=5.4%; target_corr=-0.006
PREV_AMT_APPLICATION_MAX,float64,5.35,False,False,False,-0.0136,,keep,missing=5.4%; target_corr=-0.014
PREV_AMT_APPLICATION_MEAN,float64,5.35,False,False,False,-0.0238,,keep,missing=5.4%; target_corr=-0.024
PREV_AMT_APPLICATION_MIN,float64,5.35,False,False,False,-0.0233,,keep,missing=5.4%; target_corr=-0.023
PREV_AMT_APPLICATION_STD,float64,22.43,False,False,False,-0.0148,PREV_AMT_APPLICATION_MAX (corr=0.951),keep,"missing=22.4%; target_corr=-0.015; redundant_with=[PREV_AMT_APPLICATION_MAX (corr=0.951)] (kept, monitor for linear models)"
PREV_AMT_APPLICATION_SUM,float64,5.35,False,False,False,0.0041,,keep,missing=5.4%; target_corr=0.004
PREV_AMT_CREDIT_MAX,float64,5.35,False,False,False,-0.0093,PREV_AMT_APPLICATION_MAX (corr=0.986),keep,"missing=5.4%; target_corr=-0.009; redundant_with=[PREV_AMT_APPLICATION_MAX (corr=0.986)] (kept, monitor for linear models)"
PREV_AMT_CREDIT_MEAN,float64,5.35,False,False,False,-0.0178,PREV_AMT_APPLICATION_MEAN (corr=0.976),keep,"missing=5.4%; target_corr=-0.018; redundant_with=[PREV_AMT_APPLICATION_MEAN (corr=0.976)] (kept, monitor for linear models)"
PREV_AMT_CREDIT_MIN,float64,5.35,False,False,False,-0.0216,PREV_AMT_APPLICATION_MIN (corr=0.961),keep,"missing=5.4%; target_corr=-0.022; redundant_with=[PREV_AMT_APPLICATION_MIN (corr=0.961)] (kept, monitor for linear models)"
PREV_AMT_CREDIT_STD,float64,22.43,False,False,False,-0.0105,PREV_AMT_APPLICATION_STD (corr=0.982); PREV_AMT_CREDIT_MAX (corr=0.952),keep,"missing=22.4%; target_corr=-0.010; redundant_with=[PREV_AMT_APPLICATION_STD (corr=0.982); PREV_AMT_CREDIT_MAX (corr=0.952)] (kept, monitor for linear models)"
PREV_AMT_CREDIT_SUM,float64,5.35,False,False,False,0.008,PREV_AMT_APPLICATION_SUM (corr=0.992),keep,"missing=5.4%; target_corr=0.008; redundant_with=[PREV_AMT_APPLICATION_SUM (corr=0.992)] (kept, monitor for linear models)"
PREV_AMT_DOWN_PAYMENT_MAX,float64,11.03,False,False,False,-0.0244,,keep,missing=11.0%; target_corr=-0.024
PREV_AMT_DOWN_PAYMENT_MEAN,float64,11.03,False,False,False,-0.0242,,keep,missing=11.0%; target_corr=-0.024
PREV_AMT_DOWN_PAYMENT_MIN,float64,11.03,False,False,False,-0.0168,,keep,missing=11.0%; target_corr=-0.017
PREV_AMT_DOWN_PAYMENT_STD,float64,46.22,False,False,False,-0.0158,,keep,missing=46.2%; target_corr=-0.016
PREV_AMT_DOWN_PAYMENT_SUM,float64,5.35,False,False,False,-0.0256,,keep,missing=5.4%; target_corr=-0.026
PREV_AMT_GOODS_PRICE_MAX,float64,5.67,False,False,False,-0.0139,PREV_AMT_APPLICATION_MAX (corr=1.000); PREV_AMT_CREDIT_MAX (corr=0.986); PREV_AMT_APPLICATION_STD (corr=0.951),keep,"missing=5.7%; target_corr=-0.014; redundant_with=[PREV_AMT_APPLICATION_MAX (corr=1.000); PREV_AMT_CREDIT_MAX (corr=0.986); PREV_AMT_APPLICATION_STD (corr=0.951)] (kept, monitor for linear models)"
PREV_AMT_GOODS_PRICE_MEAN,float64,5.67,False,False,False,-0.0182,,keep,missing=5.7%; target_corr=-0.018
PREV_AMT_GOODS_PRICE_MIN,float64,5.67,False,False,False,-0.0229,,keep,missing=5.7%; target_corr=-0.023
PREV_AMT_GOODS_PRICE_STD,float64,26.43,False,False,False,-0.0129,PREV_AMT_APPLICATION_STD (corr=0.980); PREV_AMT_CREDIT_STD (corr=0.966),keep,"missing=26.4%; target_corr=-0.013; redundant_with=[PREV_AMT_APPLICATION_STD (corr=0.980); PREV_AMT_CREDIT_STD (corr=0.966)] (kept, monitor for linear models)"
PREV_AMT_GOODS_PRICE_SUM,float64,5.35,False,False,False,0.0042,PREV_AMT_APPLICATION_SUM (corr=1.000); PREV_AMT_CREDIT_SUM (corr=0.992),keep,"missing=5.4%; target_corr=0.004; redundant_with=[PREV_AMT_APPLICATION_SUM (corr=1.000); PREV_AMT_CREDIT_SUM (corr=0.992)] (kept, monitor for linear models)"
PREV_CC_AMT_BALANCE_MAX_MAX,float64,74.66,False,False,False,0.0688,PREV_CC_AMT_BALANCE_MAX_MEAN (corr=1.000),keep,"missing=74.7%; target_corr=0.069; redundant_with=[PREV_CC_AMT_BALANCE_MAX_MEAN (corr=1.000)] (kept, monitor for linear models)"
PREV_CC_AMT_BALANCE_MAX_MEAN,float64,74.66,False,False,False,0.0686,,keep,missing=74.7%; target_corr=0.069
PREV_CC_AMT_BALANCE_MEAN_MAX,float64,74.66,False,False,False,0.0859,PREV_CC_AMT_BALANCE_MEAN_MEAN (corr=1.000),keep,"missing=74.7%; target_corr=0.086; redundant_with=[PREV_CC_AMT_BALANCE_MEAN_MEAN (corr=1.000)] (kept, monitor for linear models)"
PREV_CC_AMT_BALANCE_MEAN_MEAN,float64,74.66,False,False,False,0.0857,,keep,missing=74.7%; target_corr=0.086
PREV_CC_AMT_BALANCE_MIN_MAX,float64,74.66,False,False,False,0.0621,PREV_CC_AMT_BALANCE_MIN_MEAN (corr=0.999),keep,"missing=74.7%; target_corr=0.062; redundant_with=[PREV_CC_AMT_BALANCE_MIN_MEAN (corr=0.999)] (kept, monitor for linear models)"
PREV_CC_AMT_BALANCE_MIN_MEAN,float64,74.66,False,False,False,0.0621,,keep,missing=74.7%; target_corr=0.062
PREV_CC_AMT_BALANCE_STD_MAX,float64,74.86,False,False,False,0.0595,PREV_CC_AMT_BALANCE_STD_MEAN (corr=1.000),keep,"missing=74.9%; target_corr=0.060; redundant_with=[PREV_CC_AMT_BALANCE_STD_MEAN (corr=1.000)] (kept, monitor for linear models)"
PREV_CC_AMT_BALANCE_STD_MEAN,float64,74.86,False,False,False,0.0594,,keep,missing=74.9%; target_corr=0.059
PREV_CC_AMT_BALANCE_SUM_MAX,float64,74.66,False,False,False,0.0252,PREV_CC_AMT_BALANCE_SUM_MEAN (corr=1.000),keep,"missing=74.7%; target_corr=0.025; redundant_with=[PREV_CC_AMT_BALANCE_SUM_MEAN (corr=1.000)] (kept, monitor for linear models)"
PREV_CC_AMT_BALANCE_SUM_MEAN,float64,74.66,False,False,False,0.0252,,keep,missing=74.7%; target_corr=0.025
PREV_CC_AMT_CREDIT_LIMIT_ACTUAL_MAX_MAX,float64,74.66,False,False,False,-0.0224,PREV_CC_AMT_CREDIT_LIMIT_ACTUAL_MAX_MEAN (corr=0.999),keep,"missing=74.7%; target_corr=-0.022; redundant_with=[PREV_CC_AMT_CREDIT_LIMIT_ACTUAL_MAX_MEAN (corr=0.999)] (kept, monitor for linear models)"
PREV_CC_AMT_CREDIT_LIMIT_ACTUAL_MAX_MEAN,float64,74.66,False,False,False,-0.0226,,keep,missing=74.7%; target_corr=-0.023
PREV_CC_AMT_CREDIT_LIMIT_ACTUAL_MEAN_MAX,float64,74.66,False,False,False,-0.02,PREV_CC_AMT_CREDIT_LIMIT_ACTUAL_MEAN_MEAN (corr=0.999),keep,"missing=74.7%; target_corr=-0.020; redundant_with=[PREV_CC_AMT_CREDIT_LIMIT_ACTUAL_MEAN_MEAN (corr=0.999)] (kept, monitor for linear models)"
PREV_CC_AMT_CREDIT_LIMIT_ACTUAL_MEAN_MEAN,float64,74.66,False,False,False,-0.02,,keep,missing=74.7%; target_corr=-0.020
PREV_CC_AMT_CREDIT_LIMIT_ACTUAL_MIN_MAX,float64,74.66,False,False,False,-0.0099,PREV_CC_AMT_CREDIT_LIMIT_ACTUAL_MIN_MEAN (corr=0.999),keep,"missing=74.7%; target_corr=-0.010; redundant_with=[PREV_CC_AMT_CREDIT_LIMIT_ACTUAL_MIN_MEAN (corr=0.999)] (kept, monitor for linear models)"
PREV_CC_AMT_CREDIT_LIMIT_ACTUAL_MIN_MEAN,float64,74.66,False,False,False,-0.0099,,keep,missing=74.7%; target_corr=-0.010
PREV_CC_AMT_CREDIT_LIMIT_ACTUAL_STD_MAX,float64,74.86,False,False,False,-0.0158,PREV_CC_AMT_CREDIT_LIMIT_ACTUAL_STD_MEAN (corr=0.999),keep,"missing=74.9%; target_corr=-0.016; redundant_with=[PREV_CC_AMT_CREDIT_LIMIT_ACTUAL_STD_MEAN (corr=0.999)] (kept, monitor for linear models)"
PREV_CC_AMT_CREDIT_LIMIT_ACTUAL_STD_MEAN,float64,74.86,False,False,False,-0.016,,keep,missing=74.9%; target_corr=-0.016
PREV_CC_AMT_CREDIT_LIMIT_ACTUAL_SUM_MAX,float64,74.66,False,False,False,-0.0443,PREV_CC_AMT_CREDIT_LIMIT_ACTUAL_SUM_MEAN (corr=0.999),keep,"missing=74.7%; target_corr=-0.044; redundant_with=[PREV_CC_AMT_CREDIT_LIMIT_ACTUAL_SUM_MEAN (corr=0.999)] (kept, monitor for linear models)"
PREV_CC_AMT_CREDIT_LIMIT_ACTUAL_SUM_MEAN,float64,74.66,False,False,False,-0.0444,,keep,missing=74.7%; target_corr=-0.044
PREV_CC_AMT_DRAWINGS_ATM_CURRENT_MAX_MAX,float64,82.79,False,False,False,0.0164,PREV_CC_AMT_DRAWINGS_ATM_CURRENT_MAX_MEAN (corr=1.000),keep,"missing=82.8%; target_corr=0.016; redundant_with=[PREV_CC_AMT_DRAWINGS_ATM_CURRENT_MAX_MEAN (corr=1.000)] (kept, monitor for linear models)"
PREV_CC_AMT_DRAWINGS_ATM_CURRENT_MAX_MEAN,float64,82.79,False,False,False,0.0164,,keep,missing=82.8%; target_corr=0.016
PREV_CC_AMT_DRAWINGS_ATM_CURRENT_MEAN_MAX,float64,82.79,False,False,False,0.0553,PREV_CC_AMT_DRAWINGS_ATM_CURRENT_MEAN_MEAN (corr=1.000),keep,"missing=82.8%; target_corr=0.055; redundant_with=[PREV_CC_AMT_DRAWINGS_ATM_CURRENT_MEAN_MEAN (corr=1.000)] (kept, monitor for linear models)"
PREV_CC_AMT_DRAWINGS_ATM_CURRENT_MEAN_MEAN,float64,82.79,False,False,False,0.0555,,keep,missing=82.8%; target_corr=0.055
PREV_CC_AMT_DRAWINGS_ATM_CURRENT_MIN_MAX,float64,82.79,False,False,False,0.0179,PREV_CC_AMT_DRAWINGS_ATM_CURRENT_MIN_MEAN (corr=0.999),keep,"missing=82.8%; target_corr=0.018; redundant_with=[PREV_CC_AMT_DRAWINGS_ATM_CURRENT_MIN_MEAN (corr=0.999)] (kept, monitor for linear models)"
PREV_CC_AMT_DRAWINGS_ATM_CURRENT_MIN_MEAN,float64,82.79,False,False,False,0.018,,keep,missing=82.8%; target_corr=0.018
PREV_CC_AMT_DRAWINGS_ATM_CURRENT_STD_MAX,float64,82.93,False,False,False,0.0444,PREV_CC_AMT_DRAWINGS_ATM_CURRENT_STD_MEAN (corr=1.000),keep,"missing=82.9%; target_corr=0.044; redundant_with=[PREV_CC_AMT_DRAWINGS_ATM_CURRENT_STD_MEAN (corr=1.000)] (kept, monitor for linear models)"
PREV_CC_AMT_DRAWINGS_ATM_CURRENT_STD_MEAN,float64,82.93,False,False,False,0.0445,,keep,missing=82.9%; target_corr=0.044
PREV_CC_AMT_DRAWINGS_ATM_CURRENT_SUM_MAX,float64,74.66,False,False,False,0.0414,PREV_CC_AMT_DRAWINGS_ATM_CURRENT_SUM_MEAN (corr=1.000),keep,"missing=74.7%; target_corr=0.041; redundant_with=[PREV_CC_AMT_DRAWINGS_ATM_CURRENT_SUM_MEAN (corr=1.000)] (kept, monitor for linear models)"
PREV_CC_AMT_DRAWINGS_ATM_CURRENT_SUM_MEAN,float64,74.66,False,False,False,0.0415,,keep,missing=74.7%; target_corr=0.041
PREV_CC_AMT_DRAWINGS_CURRENT_MAX_MAX,float64,74.66,False,False,False,0.0524,PREV_CC_AMT_DRAWINGS_CURRENT_MAX_MEAN (corr=0.999),keep,"missing=74.7%; target_corr=0.052; redundant_with=[PREV_CC_AMT_DRAWINGS_CURRENT_MAX_MEAN (corr=0.999)] (kept, monitor for linear models)"
PREV_CC_AMT_DRAWINGS_CURRENT_MAX_MEAN,float64,74.66,False,False,False,0.0523,,keep,missing=74.7%; target_corr=0.052
PREV_CC_AMT_DRAWINGS_CURRENT_MEAN_MAX,float64,74.66,False,False,False,0.0557,PREV_CC_AMT_DRAWINGS_CURRENT_MEAN_MEAN (corr=0.998),keep,"missing=74.7%; target_corr=0.056; redundant_with=[PREV_CC_AMT_DRAWINGS_CURRENT_MEAN_MEAN (corr=0.998)] (kept, monitor for linear models)"
PREV_CC_AMT_DRAWINGS_CURRENT_MEAN_MEAN,float64,74.66,False,False,False,0.0561,,keep,missing=74.7%; target_corr=0.056
PREV_CC_AMT_DRAWINGS_CURRENT_MIN_MAX,float64,74.66,False,False,False,0.0119,PREV_CC_AMT_DRAWINGS_CURRENT_MIN_MEAN (corr=0.992),keep,"missing=74.7%; target_corr=0.012; redundant_with=[PREV_CC_AMT_DRAWINGS_CURRENT_MIN_MEAN (corr=0.992)] (kept, monitor for linear models)"
PREV_CC_AMT_DRAWINGS_CURRENT_MIN_MEAN,float64,74.66,False,False,False,0.0126,,keep,missing=74.7%; target_corr=0.013
PREV_CC_AMT_DRAWINGS_CURRENT_STD_MAX,float64,74.86,False,False,False,0.0684,PREV_CC_AMT_DRAWINGS_CURRENT_STD_MEAN (corr=0.999),keep,"missing=74.9%; target_corr=0.068; redundant_with=[PREV_CC_AMT_DRAWINGS_CURRENT_STD_MEAN (corr=0.999)] (kept, monitor for linear models)"
PREV_CC_AMT_DRAWINGS_CURRENT_STD_MEAN,float64,74.86,False,False,False,0.0684,,keep,missing=74.9%; target_corr=0.068
PREV_CC_AMT_DRAWINGS_CURRENT_SUM_MAX,float64,74.66,False,False,False,0.0241,PREV_CC_AMT_DRAWINGS_CURRENT_SUM_MEAN (corr=0.999),keep,"missing=74.7%; target_corr=0.024; redundant_with=[PREV_CC_AMT_DRAWINGS_CURRENT_SUM_MEAN (corr=0.999)] (kept, monitor for linear models)"
PREV_CC_AMT_DRAWINGS_CURRENT_SUM_MEAN,float64,74.66,False,False,False,0.0242,,keep,missing=74.7%; target_corr=0.024
PREV_CC_AMT_DRAWINGS_OTHER_CURRENT_MAX_MAX,float64,82.79,False,False,False,0.0004,PREV_CC_AMT_DRAWINGS_OTHER_CURRENT_MAX_MEAN (corr=1.000),keep,"missing=82.8%; target_corr=0.000; redundant_with=[PREV_CC_AMT_DRAWINGS_OTHER_CURRENT_MAX_MEAN (corr=1.000)] (kept, monitor for linear models)"
PREV_CC_AMT_DRAWINGS_OTHER_CURRENT_MAX_MEAN,float64,82.79,False,False,False,0.0002,,keep,missing=82.8%; target_corr=0.000
PREV_CC_AMT_DRAWINGS_OTHER_CURRENT_MEAN_MAX,float64,82.79,False,False,False,0.005,PREV_CC_AMT_DRAWINGS_OTHER_CURRENT_MEAN_MEAN (corr=1.000),keep,"missing=82.8%; target_corr=0.005; redundant_with=[PREV_CC_AMT_DRAWINGS_OTHER_CURRENT_MEAN_MEAN (corr=1.000)] (kept, monitor for linear models)"
PREV_CC_AMT_DRAWINGS_OTHER_CURRENT_MEAN_MEAN,float64,82.79,False,False,False,0.0049,,keep,missing=82.8%; target_corr=0.005
PREV_CC_AMT_DRAWINGS_OTHER_CURRENT_STD_MAX,float64,82.93,False,False,False,0.0045,PREV_CC_AMT_DRAWINGS_OTHER_CURRENT_STD_MEAN (corr=1.000),keep,"missing=82.9%; target_corr=0.004; redundant_with=[PREV_CC_AMT_DRAWINGS_OTHER_CURRENT_STD_MEAN (corr=1.000)] (kept, monitor for linear models)"
PREV_CC_AMT_DRAWINGS_OTHER_CURRENT_STD_MEAN,float64,82.93,False,False,False,0.0044,,keep,missing=82.9%; target_corr=0.004
PREV_CC_AMT_DRAWINGS_OTHER_CURRENT_SUM_MAX,float64,74.66,False,False,False,0.0068,PREV_CC_AMT_DRAWINGS_OTHER_CURRENT_SUM_MEAN (corr=1.000),keep,"missing=74.7%; target_corr=0.007; redundant_with=[PREV_CC_AMT_DRAWINGS_OTHER_CURRENT_SUM_MEAN (corr=1.000)] (kept, monitor for linear models)"
PREV_CC_AMT_DRAWINGS_OTHER_CURRENT_SUM_MEAN,float64,74.66,False,False,False,0.0066,,keep,missing=74.7%; target_corr=0.007
PREV_CC_AMT_DRAWINGS_POS_CURRENT_MAX_MAX,float64,82.79,False,False,False,-0.0206,PREV_CC_AMT_DRAWINGS_POS_CURRENT_MAX_MEAN (corr=1.000),keep,"missing=82.8%; target_corr=-0.021; redundant_with=[PREV_CC_AMT_DRAWINGS_POS_CURRENT_MAX_MEAN (corr=1.000)] (kept, monitor for linear models)"
PREV_CC_AMT_DRAWINGS_POS_CURRENT_MAX_MEAN,float64,82.79,False,False,False,-0.0208,,keep,missing=82.8%; target_corr=-0.021
PREV_CC_AMT_DRAWINGS_POS_CURRENT_MEAN_MAX,float64,82.79,False,False,False,-0.0138,PREV_CC_AMT_DRAWINGS_POS_CURRENT_MEAN_MEAN (corr=0.999),keep,"missing=82.8%; target_corr=-0.014; redundant_with=[PREV_CC_AMT_DRAWINGS_POS_CURRENT_MEAN_MEAN (corr=0.999)] (kept, monitor for linear models)"
PREV_CC_AMT_DRAWINGS_POS_CURRENT_MEAN_MEAN,float64,82.79,False,False,False,-0.0139,,keep,missing=82.8%; target_corr=-0.014
PREV_CC_AMT_DRAWINGS_POS_CURRENT_MIN_MAX,float64,82.79,False,False,False,-0.0063,PREV_CC_AMT_DRAWINGS_POS_CURRENT_MIN_MEAN (corr=0.997),keep,"missing=82.8%; target_corr=-0.006; redundant_with=[PREV_CC_AMT_DRAWINGS_POS_CURRENT_MIN_MEAN (corr=0.997)] (kept, monitor for linear models)"
PREV_CC_AMT_DRAWINGS_POS_CURRENT_MIN_MEAN,float64,82.79,False,False,False,-0.0061,,keep,missing=82.8%; target_corr=-0.006
PREV_CC_AMT_DRAWINGS_POS_CURRENT_STD_MAX,float64,82.93,False,False,False,-0.0104,PREV_CC_AMT_DRAWINGS_POS_CURRENT_STD_MEAN (corr=0.999); PREV_CC_AMT_DRAWINGS_POS_CURRENT_MAX_MAX (corr=0.954); PREV_CC_AMT_DRAWINGS_POS_CURRENT_MAX_MEAN (corr=0.954),keep,"missing=82.9%; target_corr=-0.010; redundant_with=[PREV_CC_AMT_DRAWINGS_POS_CURRENT_STD_MEAN (corr=0.999); PREV_CC_AMT_DRAWINGS_POS_CURRENT_MAX_MAX (corr=0.954); PREV_CC_AMT_DRAWINGS_POS_CURRENT_MAX_MEAN (corr=0.954)] (kept, monitor for linear models)"
PREV_CC_AMT_DRAWINGS_POS_CURRENT_STD_MEAN,float64,82.93,False,False,False,-0.0106,PREV_CC_AMT_DRAWINGS_POS_CURRENT_MAX_MEAN (corr=0.954); PREV_CC_AMT_DRAWINGS_POS_CURRENT_MAX_MAX (corr=0.954),keep,"missing=82.9%; target_corr=-0.011; redundant_with=[PREV_CC_AMT_DRAWINGS_POS_CURRENT_MAX_MEAN (corr=0.954); PREV_CC_AMT_DRAWINGS_POS_CURRENT_MAX_MAX (corr=0.954)] (kept, monitor for linear models)"
PREV_CC_AMT_DRAWINGS_POS_CURRENT_SUM_MAX,float64,74.66,False,False,False,-0.0052,PREV_CC_AMT_DRAWINGS_POS_CURRENT_SUM_MEAN (corr=0.999),keep,"missing=74.7%; target_corr=-0.005; redundant_with=[PREV_CC_AMT_DRAWINGS_POS_CURRENT_SUM_MEAN (corr=0.999)] (kept, monitor for linear models)"
PREV_CC_AMT_DRAWINGS_POS_CURRENT_SUM_MEAN,float64,74.66,False,False,False,-0.0052,,keep,missing=74.7%; target_corr=-0.005
PREV_CC_AMT_INST_MIN_REGULARITY_MAX_MAX,float64,74.66,False,False,False,0.0648,PREV_CC_AMT_INST_MIN_REGULARITY_MAX_MEAN (corr=1.000); PREV_CC_AMT_BALANCE_MAX_MAX (corr=0.984); PREV_CC_AMT_BALANCE_MAX_MEAN (corr=0.984),keep,"missing=74.7%; target_corr=0.065; redundant_with=[PREV_CC_AMT_INST_MIN_REGULARITY_MAX_MEAN (corr=1.000); PREV_CC_AMT_BALANCE_MAX_MAX (corr=0.984); PREV_CC_AMT_BALANCE_MAX_MEAN (corr=0.984)] (kept, monitor for linear models)"
PREV_CC_AMT_INST_MIN_REGULARITY_MAX_MEAN,float64,74.66,False,False,False,0.0647,PREV_CC_AMT_BALANCE_MAX_MEAN (corr=0.984); PREV_CC_AMT_BALANCE_MAX_MAX (corr=0.984),keep,"missing=74.7%; target_corr=0.065; redundant_with=[PREV_CC_AMT_BALANCE_MAX_MEAN (corr=0.984); PREV_CC_AMT_BALANCE_MAX_MAX (corr=0.984)] (kept, monitor for linear models)"
PREV_CC_AMT_INST_MIN_REGULARITY_MEAN_MAX,float64,74.66,False,False,False,0.0739,PREV_CC_AMT_INST_MIN_REGULARITY_MEAN_MEAN (corr=1.000); PREV_CC_AMT_BALANCE_MEAN_MAX (corr=0.979); PREV_CC_AMT_BALANCE_MEAN_MEAN (corr=0.979),keep,"missing=74.7%; target_corr=0.074; redundant_with=[PREV_CC_AMT_INST_MIN_REGULARITY_MEAN_MEAN (corr=1.000); PREV_CC_AMT_BALANCE_MEAN_MAX (corr=0.979); PREV_CC_AMT_BALANCE_MEAN_MEAN (corr=0.979)] (kept, monitor for linear models)"
PREV_CC_AMT_INST_MIN_REGULARITY_MEAN_MEAN,float64,74.66,False,False,False,0.0737,PREV_CC_AMT_BALANCE_MEAN_MEAN (corr=0.979); PREV_CC_AMT_BALANCE_MEAN_MAX (corr=0.979),keep,"missing=74.7%; target_corr=0.074; redundant_with=[PREV_CC_AMT_BALANCE_MEAN_MEAN (corr=0.979); PREV_CC_AMT_BALANCE_MEAN_MAX (corr=0.979)] (kept, monitor for linear models)"
PREV_CC_AMT_INST_MIN_REGULARITY_MIN_MAX,float64,74.66,False,False,False,0.0034,PREV_CC_AMT_INST_MIN_REGULARITY_MIN_MEAN (corr=1.000),keep,"missing=74.7%; target_corr=0.003; redundant_with=[PREV_CC_AMT_INST_MIN_REGULARITY_MIN_MEAN (corr=1.000)] (kept, monitor for linear models)"
PREV_CC_AMT_INST_MIN_REGULARITY_MIN_MEAN,float64,74.66,False,False,False,0.0034,,keep,missing=74.7%; target_corr=0.003
PREV_CC_AMT_INST_MIN_REGULARITY_STD_MAX,float64,74.86,False,False,False,0.0687,PREV_CC_AMT_INST_MIN_REGULARITY_STD_MEAN (corr=0.999); PREV_CC_AMT_INST_MIN_REGULARITY_MAX_MAX (corr=0.950),keep,"missing=74.9%; target_corr=0.069; redundant_with=[PREV_CC_AMT_INST_MIN_REGULARITY_STD_MEAN (corr=0.999); PREV_CC_AMT_INST_MIN_REGULARITY_MAX_MAX (corr=0.950)] (kept, monitor for linear models)"
PREV_CC_AMT_INST_MIN_REGULARITY_STD_MEAN,float64,74.86,False,False,False,0.0686,PREV_CC_AMT_INST_MIN_REGULARITY_MAX_MEAN (corr=0.950); PREV_CC_AMT_INST_MIN_REGULARITY_MAX_MAX (corr=0.950),keep,"missing=74.9%; target_corr=0.069; redundant_with=[PREV_CC_AMT_INST_MIN_REGULARITY_MAX_MEAN (corr=0.950); PREV_CC_AMT_INST_MIN_REGULARITY_MAX_MAX (corr=0.950)] (kept, monitor for linear models)"
PREV_CC_AMT_INST_MIN_REGULARITY_SUM_MAX,float64,74.66,False,False,False,0.0125,PREV_CC_AMT_INST_MIN_REGULARITY_SUM_MEAN (corr=0.999); PREV_CC_AMT_BALANCE_SUM_MAX (corr=0.977); PREV_CC_AMT_BALANCE_SUM_MEAN (corr=0.977),keep,"missing=74.7%; target_corr=0.012; redundant_with=[PREV_CC_AMT_INST_MIN_REGULARITY_SUM_MEAN (corr=0.999); PREV_CC_AMT_BALANCE_SUM_MAX (corr=0.977); PREV_CC_AMT_BALANCE_SUM_MEAN (corr=0.977)] (kept, monitor for linear models)"
PREV_CC_AMT_INST_MIN_REGULARITY_SUM_MEAN,float64,74.66,False,False,False,0.0125,PREV_CC_AMT_BALANCE_SUM_MEAN (corr=0.977); PREV_CC_AMT_BALANCE_SUM_MAX (corr=0.977),keep,"missing=74.7%; target_corr=0.012; redundant_with=[PREV_CC_AMT_BALANCE_SUM_MEAN (corr=0.977); PREV_CC_AMT_BALANCE_SUM_MAX (corr=0.977)] (kept, monitor for linear models)"
PREV_CC_AMT_PAYMENT_CURRENT_MAX_MAX,float64,82.82,False,False,False,-0.008,PREV_CC_AMT_PAYMENT_CURRENT_MAX_MEAN (corr=1.000),keep,"missing=82.8%; target_corr=-0.008; redundant_with=[PREV_CC_AMT_PAYMENT_CURRENT_MAX_MEAN (corr=1.000)] (kept, monitor for linear models)"
PREV_CC_AMT_PAYMENT_CURRENT_MAX_MEAN,float64,82.82,False,False,False,-0.008,,keep,missing=82.8%; target_corr=-0.008
PREV_CC_AMT_PAYMENT_CURRENT_MEAN_MAX,float64,82.82,False,False,False,-0.0055,PREV_CC_AMT_PAYMENT_CURRENT_MEAN_MEAN (corr=1.000),keep,"missing=82.8%; target_corr=-0.006; redundant_with=[PREV_CC_AMT_PAYMENT_CURRENT_MEAN_MEAN (corr=1.000)] (kept, monitor for linear models)"
PREV_CC_AMT_PAYMENT_CURRENT_MEAN_MEAN,float64,82.82,False,False,False,-0.0053,,keep,missing=82.8%; target_corr=-0.005
PREV_CC_AMT_PAYMENT_CURRENT_MIN_MAX,float64,82.82,False,False,False,0.0108,PREV_CC_AMT_PAYMENT_CURRENT_MIN_MEAN (corr=1.000),keep,"missing=82.8%; target_corr=0.011; redundant_with=[PREV_CC_AMT_PAYMENT_CURRENT_MIN_MEAN (corr=1.000)] (kept, monitor for linear models)"
PREV_CC_AMT_PAYMENT_CURRENT_MIN_MEAN,float64,82.82,False,False,False,0.0108,,keep,missing=82.8%; target_corr=0.011
PREV_CC_AMT_PAYMENT_CURRENT_STD_MAX,float64,82.96,False,False,False,0.0027,PREV_CC_AMT_PAYMENT_CURRENT_STD_MEAN (corr=1.000),keep,"missing=83.0%; target_corr=0.003; redundant_with=[PREV_CC_AMT_PAYMENT_CURRENT_STD_MEAN (corr=1.000)] (kept, monitor for linear models)"
PREV_CC_AMT_PAYMENT_CURRENT_STD_MEAN,float64,82.96,False,False,False,0.0029,,keep,missing=83.0%; target_corr=0.003
PREV_CC_AMT_PAYMENT_CURRENT_SUM_MAX,float64,74.66,False,False,False,-0.0005,PREV_CC_AMT_PAYMENT_CURRENT_SUM_MEAN (corr=0.999),keep,"missing=74.7%; target_corr=-0.000; redundant_with=[PREV_CC_AMT_PAYMENT_CURRENT_SUM_MEAN (corr=0.999)] (kept, monitor for linear models)"
PREV_CC_AMT_PAYMENT_CURRENT_SUM_MEAN,float64,74.66,False,False,False,-0.0004,,keep,missing=74.7%; target_corr=-0.000
PREV_CC_AMT_PAYMENT_TOTAL_CURRENT_MAX_MAX,float64,74.66,False,False,False,0.0282,PREV_CC_AMT_PAYMENT_CURRENT_MAX_MAX (corr=0.999); PREV_CC_AMT_PAYMENT_TOTAL_CURRENT_MAX_MEAN (corr=0.999); PREV_CC_AMT_PAYMENT_CURRENT_MAX_MEAN (corr=0.999),keep,"missing=74.7%; target_corr=0.028; redundant_with=[PREV_CC_AMT_PAYMENT_CURRENT_MAX_MAX (corr=0.999); PREV_CC_AMT_PAYMENT_TOTAL_CURRENT_MAX_MEAN (corr=0.999); PREV_CC_AMT_PAYMENT_CURRENT_MAX_MEAN (corr=0.999)] (kept, monitor for linear models)"
PREV_CC_AMT_PAYMENT_TOTAL_CURRENT_MAX_MEAN,float64,74.66,False,False,False,0.0282,PREV_CC_AMT_PAYMENT_CURRENT_MAX_MEAN (corr=0.999); PREV_CC_AMT_PAYMENT_CURRENT_MAX_MAX (corr=0.998),keep,"missing=74.7%; target_corr=0.028; redundant_with=[PREV_CC_AMT_PAYMENT_CURRENT_MAX_MEAN (corr=0.999); PREV_CC_AMT_PAYMENT_CURRENT_MAX_MAX (corr=0.998)] (kept, monitor for linear models)"
PREV_CC_AMT_PAYMENT_TOTAL_CURRENT_MEAN_MAX,float64,74.66,False,False,False,0.0205,PREV_CC_AMT_PAYMENT_TOTAL_CURRENT_MEAN_MEAN (corr=0.998); PREV_CC_AMT_PAYMENT_CURRENT_MEAN_MAX (corr=0.967); PREV_CC_AMT_PAYMENT_CURRENT_MEAN_MEAN (corr=0.966),keep,"missing=74.7%; target_corr=0.021; redundant_with=[PREV_CC_AMT_PAYMENT_TOTAL_CURRENT_MEAN_MEAN (corr=0.998); PREV_CC_AMT_PAYMENT_CURRENT_MEAN_MAX (corr=0.967); PREV_CC_AMT_PAYMENT_CURRENT_MEAN_MEAN (corr=0.966)] (kept, monitor for linear models)"
PREV_CC_AMT_PAYMENT_TOTAL_CURRENT_MEAN_MEAN,float64,74.66,False,False,False,0.0208,PREV_CC_AMT_PAYMENT_CURRENT_MEAN_MEAN (corr=0.966); PREV_CC_AMT_PAYMENT_CURRENT_MEAN_MAX (corr=0.965),keep,"missing=74.7%; target_corr=0.021; redundant_with=[PREV_CC_AMT_PAYMENT_CURRENT_MEAN_MEAN (corr=0.966); PREV_CC_AMT_PAYMENT_CURRENT_MEAN_MAX (corr=0.965)] (kept, monitor for linear models)"
PREV_CC_AMT_PAYMENT_TOTAL_CURRENT_MIN_MAX,float64,74.66,False,False,False,0.0027,PREV_CC_AMT_PAYMENT_TOTAL_CURRENT_MIN_MEAN (corr=0.997),keep,"missing=74.7%; target_corr=0.003; redundant_with=[PREV_CC_AMT_PAYMENT_TOTAL_CURRENT_MIN_MEAN (corr=0.997)] (kept, monitor for linear models)"
PREV_CC_AMT_PAYMENT_TOTAL_CURRENT_MIN_MEAN,float64,74.66,False,False,False,0.0029,,keep,missing=74.7%; target_corr=0.003
PREV_CC_AMT_PAYMENT_TOTAL_CURRENT_STD_MAX,float64,74.86,False,False,False,0.0336,PREV_CC_AMT_PAYMENT_TOTAL_CURRENT_STD_MEAN (corr=0.999); PREV_CC_AMT_PAYMENT_CURRENT_STD_MAX (corr=0.995); PREV_CC_AMT_PAYMENT_CURRENT_STD_MEAN (corr=0.994),keep,"missing=74.9%; target_corr=0.034; redundant_with=[PREV_CC_AMT_PAYMENT_TOTAL_CURRENT_STD_MEAN (corr=0.999); PREV_CC_AMT_PAYMENT_CURRENT_STD_MAX (corr=0.995); PREV_CC_AMT_PAYMENT_CURRENT_STD_MEAN (corr=0.994)] (kept, monitor for linear models)"
PREV_CC_AMT_PAYMENT_TOTAL_CURRENT_STD_MEAN,float64,74.86,False,False,False,0.0337,PREV_CC_AMT_PAYMENT_CURRENT_STD_MEAN (corr=0.994); PREV_CC_AMT_PAYMENT_CURRENT_STD_MAX (corr=0.994),keep,"missing=74.9%; target_corr=0.034; redundant_with=[PREV_CC_AMT_PAYMENT_CURRENT_STD_MEAN (corr=0.994); PREV_CC_AMT_PAYMENT_CURRENT_STD_MAX (corr=0.994)] (kept, monitor for linear models)"
PREV_CC_AMT_PAYMENT_TOTAL_CURRENT_SUM_MAX,float64,74.66,False,False,False,-0.0005,PREV_CC_AMT_PAYMENT_TOTAL_CURRENT_SUM_MEAN (corr=0.999); PREV_CC_AMT_PAYMENT_CURRENT_SUM_MAX (corr=0.989); PREV_CC_AMT_PAYMENT_CURRENT_SUM_MEAN (corr=0.989),keep,"missing=74.7%; target_corr=-0.001; redundant_with=[PREV_CC_AMT_PAYMENT_TOTAL_CURRENT_SUM_MEAN (corr=0.999); PREV_CC_AMT_PAYMENT_CURRENT_SUM_MAX (corr=0.989); PREV_CC_AMT_PAYMENT_CURRENT_SUM_MEAN (corr=0.989)] (kept, monitor for linear models)"
PREV_CC_AMT_PAYMENT_TOTAL_CURRENT_SUM_MEAN,float64,74.66,False,False,False,-0.0005,PREV_CC_AMT_PAYMENT_CURRENT_SUM_MEAN (corr=0.989); PREV_CC_AMT_PAYMENT_CURRENT_SUM_MAX (corr=0.989),keep,"missing=74.7%; target_corr=-0.001; redundant_with=[PREV_CC_AMT_PAYMENT_CURRENT_SUM_MEAN (corr=0.989); PREV_CC_AMT_PAYMENT_CURRENT_SUM_MAX (corr=0.989)] (kept, monitor for linear models)"
PREV_CC_AMT_RECEIVABLE_PRINCIPAL_MAX_MAX,float64,74.66,False,False,False,0.0668,PREV_CC_AMT_BALANCE_MAX_MAX (corr=1.000); PREV_CC_AMT_RECEIVABLE_PRINCIPAL_MAX_MEAN (corr=1.000); PREV_CC_AMT_BALANCE_MAX_MEAN (corr=0.999); PREV_CC_AMT_INST_MIN_REGULARITY_MAX_MAX (corr=0.984); PREV_CC_AMT_INST_MIN_REGULARITY_MAX_MEAN (corr=0.984),keep,"missing=74.7%; target_corr=0.067; redundant_with=[PREV_CC_AMT_BALANCE_MAX_MAX (corr=1.000); PREV_CC_AMT_RECEIVABLE_PRINCIPAL_MAX_MEAN (corr=1.000); PREV_CC_AMT_BALANCE_MAX_MEAN (corr=0.999); PREV_CC_AMT_INST_MIN_REGULARITY_MAX_MAX (corr=0.984); PREV_CC_AMT_INST_MIN_REGULARITY_MAX_MEAN (corr=0.984)] (kept, monitor for linear models)"
PREV_CC_AMT_RECEIVABLE_PRINCIPAL_MAX_MEAN,float64,74.66,False,False,False,0.0666,PREV_CC_AMT_BALANCE_MAX_MEAN (corr=1.000); PREV_CC_AMT_BALANCE_MAX_MAX (corr=0.999); PREV_CC_AMT_INST_MIN_REGULARITY_MAX_MEAN (corr=0.984); PREV_CC_AMT_INST_MIN_REGULARITY_MAX_MAX (corr=0.984),keep,"missing=74.7%; target_corr=0.067; redundant_with=[PREV_CC_AMT_BALANCE_MAX_MEAN (corr=1.000); PREV_CC_AMT_BALANCE_MAX_MAX (corr=0.999); PREV_CC_AMT_INST_MIN_REGULARITY_MAX_MEAN (corr=0.984); PREV_CC_AMT_INST_MIN_REGULARITY_MAX_MAX (corr=0.984)] (kept, monitor for linear models)"
PREV_CC_AMT_RECEIVABLE_PRINCIPAL_MEAN_MAX,float64,74.66,False,False,False,0.0847,PREV_CC_AMT_BALANCE_MEAN_MAX (corr=1.000); PREV_CC_AMT_RECEIVABLE_PRINCIPAL_MEAN_MEAN (corr=1.000); PREV_CC_AMT_BALANCE_MEAN_MEAN (corr=0.999); PREV_CC_AMT_INST_MIN_REGULARITY_MEAN_MAX (corr=0.979); PREV_CC_AMT_INST_MIN_REGULARITY_MEAN_MEAN (corr=0.979),keep,"missing=74.7%; target_corr=0.085; redundant_with=[PREV_CC_AMT_BALANCE_MEAN_MAX (corr=1.000); PREV_CC_AMT_RECEIVABLE_PRINCIPAL_MEAN_MEAN (corr=1.000); PREV_CC_AMT_BALANCE_MEAN_MEAN (corr=0.999); PREV_CC_AMT_INST_MIN_REGULARITY_MEAN_MAX (corr=0.979); PREV_CC_AMT_INST_MIN_REGULARITY_MEAN_MEAN (corr=0.979)] (kept, monitor for linear models)"
PREV_CC_AMT_RECEIVABLE_PRINCIPAL_MEAN_MEAN,float64,74.66,False,False,False,0.0845,PREV_CC_AMT_BALANCE_MEAN_MEAN (corr=1.000); PREV_CC_AMT_BALANCE_MEAN_MAX (corr=0.999); PREV_CC_AMT_INST_MIN_REGULARITY_MEAN_MEAN (corr=0.979); PREV_CC_AMT_INST_MIN_REGULARITY_MEAN_MAX (corr=0.979),keep,"missing=74.7%; target_corr=0.085; redundant_with=[PREV_CC_AMT_BALANCE_MEAN_MEAN (corr=1.000); PREV_CC_AMT_BALANCE_MEAN_MAX (corr=0.999); PREV_CC_AMT_INST_MIN_REGULARITY_MEAN_MEAN (corr=0.979); PREV_CC_AMT_INST_MIN_REGULARITY_MEAN_MAX (corr=0.979)] (kept, monitor for linear models)"
PREV_CC_AMT_RECEIVABLE_PRINCIPAL_MIN_MAX,float64,74.66,False,False,False,0.061,PREV_CC_AMT_BALANCE_MIN_MAX (corr=1.000); PREV_CC_AMT_RECEIVABLE_PRINCIPAL_MIN_MEAN (corr=0.999); PREV_CC_AMT_BALANCE_MIN_MEAN (corr=0.999),keep,"missing=74.7%; target_corr=0.061; redundant_with=[PREV_CC_AMT_BALANCE_MIN_MAX (corr=1.000); PREV_CC_AMT_RECEIVABLE_PRINCIPAL_MIN_MEAN (corr=0.999); PREV_CC_AMT_BALANCE_MIN_MEAN (corr=0.999)] (kept, monitor for linear models)"
PREV_CC_AMT_RECEIVABLE_PRINCIPAL_MIN_MEAN,float64,74.66,False,False,False,0.061,PREV_CC_AMT_BALANCE_MIN_MEAN (corr=1.000); PREV_CC_AMT_BALANCE_MIN_MAX (corr=0.999),keep,"missing=74.7%; target_corr=0.061; redundant_with=[PREV_CC_AMT_BALANCE_MIN_MEAN (corr=1.000); PREV_CC_AMT_BALANCE_MIN_MAX (corr=0.999)] (kept, monitor for linear models)"
PREV_CC_AMT_RECEIVABLE_PRINCIPAL_STD_MAX,float64,74.86,False,False,False,0.0582,PREV_CC_AMT_BALANCE_STD_MAX (corr=1.000); PREV_CC_AMT_RECEIVABLE_PRINCIPAL_STD_MEAN (corr=1.000); PREV_CC_AMT_BALANCE_STD_MEAN (corr=0.999),keep,"missing=74.9%; target_corr=0.058; redundant_with=[PREV_CC_AMT_BALANCE_STD_MAX (corr=1.000); PREV_CC_AMT_RECEIVABLE_PRINCIPAL_STD_MEAN (corr=1.000); PREV_CC_AMT_BALANCE_STD_MEAN (corr=0.999)] (kept, monitor for linear models)"
PREV_CC_AMT_RECEIVABLE_PRINCIPAL_STD_MEAN,float64,74.86,False,False,False,0.0581,PREV_CC_AMT_BALANCE_STD_MEAN (corr=1.000); PREV_CC_AMT_BALANCE_STD_MAX (corr=0.999),keep,"missing=74.9%; target_corr=0.058; redundant_with=[PREV_CC_AMT_BALANCE_STD_MEAN (corr=1.000); PREV_CC_AMT_BALANCE_STD_MAX (corr=0.999)] (kept, monitor for linear models)"
PREV_CC_AMT_RECEIVABLE_PRINCIPAL_SUM_MAX,float64,74.66,False,False,False,0.0249,PREV_CC_AMT_BALANCE_SUM_MAX (corr=1.000); PREV_CC_AMT_RECEIVABLE_PRINCIPAL_SUM_MEAN (corr=1.000); PREV_CC_AMT_BALANCE_SUM_MEAN (corr=1.000); PREV_CC_AMT_INST_MIN_REGULARITY_SUM_MAX (corr=0.977); PREV_CC_AMT_INST_MIN_REGULARITY_SUM_MEAN (corr=0.976),keep,"missing=74.7%; target_corr=0.025; redundant_with=[PREV_CC_AMT_BALANCE_SUM_MAX (corr=1.000); PREV_CC_AMT_RECEIVABLE_PRINCIPAL_SUM_MEAN (corr=1.000); PREV_CC_AMT_BALANCE_SUM_MEAN (corr=1.000); PREV_CC_AMT_INST_MIN_REGULARITY_SUM_MAX (corr=0.977); PREV_CC_AMT_INST_MIN_REGULARITY_SUM_MEAN (corr=0.976)] (kept, monitor for linear models)"
PREV_CC_AMT_RECEIVABLE_PRINCIPAL_SUM_MEAN,float64,74.66,False,False,False,0.0249,PREV_CC_AMT_BALANCE_SUM_MEAN (corr=1.000); PREV_CC_AMT_BALANCE_SUM_MAX (corr=1.000); PREV_CC_AMT_INST_MIN_REGULARITY_SUM_MEAN (corr=0.977); PREV_CC_AMT_INST_MIN_REGULARITY_SUM_MAX (corr=0.976),keep,"missing=74.7%; target_corr=0.025; redundant_with=[PREV_CC_AMT_BALANCE_SUM_MEAN (corr=1.000); PREV_CC_AMT_BALANCE_SUM_MAX (corr=1.000); PREV_CC_AMT_INST_MIN_REGULARITY_SUM_MEAN (corr=0.977); PREV_CC_AMT_INST_MIN_REGULARITY_SUM_MAX (corr=0.976)] (kept, monitor for linear models)"
PREV_CC_AMT_RECIVABLE_MAX_MAX,float64,74.66,False,False,False,0.068,PREV_CC_AMT_BALANCE_MAX_MAX (corr=1.000); PREV_CC_AMT_RECEIVABLE_PRINCIPAL_MAX_MAX (corr=1.000); PREV_CC_AMT_RECIVABLE_MAX_MEAN (corr=1.000); PREV_CC_AMT_BALANCE_MAX_MEAN (corr=0.999); PREV_CC_AMT_RECEIVABLE_PRINCIPAL_MAX_MEAN (corr=0.999); PREV_CC_AMT_INST_MIN_REGULARITY_MAX_MAX (corr=0.985); PREV_CC_AMT_INST_MIN_REGULARITY_MAX_MEAN (corr=0.984),keep,"missing=74.7%; target_corr=0.068; redundant_with=[PREV_CC_AMT_BALANCE_MAX_MAX (corr=1.000); PREV_CC_AMT_RECEIVABLE_PRINCIPAL_MAX_MAX (corr=1.000); PREV_CC_AMT_RECIVABLE_MAX_MEAN (corr=1.000); PREV_CC_AMT_BALANCE_MAX_MEAN (corr=0.999); PREV_CC_AMT_RECEIVABLE_PRINCIPAL_MAX_MEAN (corr=0.999); PREV_CC_AMT_INST_MIN_REGULARITY_MAX_MAX (corr=0.985); PREV_CC_AMT_INST_MIN_REGULARITY_MAX_MEAN (corr=0.984)] (kept, monitor for linear models)"
PREV_CC_AMT_RECIVABLE_MAX_MEAN,float64,74.66,False,False,False,0.0679,PREV_CC_AMT_BALANCE_MAX_MEAN (corr=1.000); PREV_CC_AMT_RECEIVABLE_PRINCIPAL_MAX_MEAN (corr=1.000); PREV_CC_AMT_BALANCE_MAX_MAX (corr=0.999); PREV_CC_AMT_RECEIVABLE_PRINCIPAL_MAX_MAX (corr=0.999); PREV_CC_AMT_INST_MIN_REGULARITY_MAX_MEAN (corr=0.985); PREV_CC_AMT_INST_MIN_REGULARITY_MAX_MAX (corr=0.984),keep,"missing=74.7%; target_corr=0.068; redundant_with=[PREV_CC_AMT_BALANCE_MAX_MEAN (corr=1.000); PREV_CC_AMT_RECEIVABLE_PRINCIPAL_MAX_MEAN (corr=1.000); PREV_CC_AMT_BALANCE_MAX_MAX (corr=0.999); PREV_CC_AMT_RECEIVABLE_PRINCIPAL_MAX_MAX (corr=0.999); PREV_CC_AMT_INST_MIN_REGULARITY_MAX_MEAN (corr=0.985); PREV_CC_AMT_INST_MIN_REGULARITY_MAX_MAX (corr=0.984)] (kept, monitor for linear models)"
PREV_CC_AMT_RECIVABLE_MEAN_MAX,float64,74.66,False,False,False,0.0851,PREV_CC_AMT_BALANCE_MEAN_MAX (corr=1.000); PREV_CC_AMT_RECEIVABLE_PRINCIPAL_MEAN_MAX (corr=1.000); PREV_CC_AMT_RECIVABLE_MEAN_MEAN (corr=1.000); PREV_CC_AMT_BALANCE_MEAN_MEAN (corr=1.000); PREV_CC_AMT_RECEIVABLE_PRINCIPAL_MEAN_MEAN (corr=1.000); PREV_CC_AMT_INST_MIN_REGULARITY_MEAN_MAX (corr=0.980); PREV_CC_AMT_INST_MIN_REGULARITY_MEAN_MEAN (corr=0.979),keep,"missing=74.7%; target_corr=0.085; redundant_with=[PREV_CC_AMT_BALANCE_MEAN_MAX (corr=1.000); PREV_CC_AMT_RECEIVABLE_PRINCIPAL_MEAN_MAX (corr=1.000); PREV_CC_AMT_RECIVABLE_MEAN_MEAN (corr=1.000); PREV_CC_AMT_BALANCE_MEAN_MEAN (corr=1.000); PREV_CC_AMT_RECEIVABLE_PRINCIPAL_MEAN_MEAN (corr=1.000); PREV_CC_AMT_INST_MIN_REGULARITY_MEAN_MAX (corr=0.980); PREV_CC_AMT_INST_MIN_REGULARITY_MEAN_MEAN (corr=0.979)] (kept, monitor for linear models)"
PREV_CC_AMT_RECIVABLE_MEAN_MEAN,float64,74.66,False,False,False,0.085,PREV_CC_AMT_BALANCE_MEAN_MEAN (corr=1.000); PREV_CC_AMT_RECEIVABLE_PRINCIPAL_MEAN_MEAN (corr=1.000); PREV_CC_AMT_BALANCE_MEAN_MAX (corr=1.000); PREV_CC_AMT_RECEIVABLE_PRINCIPAL_MEAN_MAX (corr=0.999); PREV_CC_AMT_INST_MIN_REGULARITY_MEAN_MEAN (corr=0.980); PREV_CC_AMT_INST_MIN_REGULARITY_MEAN_MAX (corr=0.979),keep,"missing=74.7%; target_corr=0.085; redundant_with=[PREV_CC_AMT_BALANCE_MEAN_MEAN (corr=1.000); PREV_CC_AMT_RECEIVABLE_PRINCIPAL_MEAN_MEAN (corr=1.000); PREV_CC_AMT_BALANCE_MEAN_MAX (corr=1.000); PREV_CC_AMT_RECEIVABLE_PRINCIPAL_MEAN_MAX (corr=0.999); PREV_CC_AMT_INST_MIN_REGULARITY_MEAN_MEAN (corr=0.980); PREV_CC_AMT_INST_MIN_REGULARITY_MEAN_MAX (corr=0.979)] (kept, monitor for linear models)"
PREV_CC_AMT_RECIVABLE_MIN_MAX,float64,74.66,False,False,False,0.0613,PREV_CC_AMT_RECEIVABLE_PRINCIPAL_MIN_MAX (corr=1.000); PREV_CC_AMT_BALANCE_MIN_MAX (corr=0.999); PREV_CC_AMT_RECIVABLE_MIN_MEAN (corr=0.999); PREV_CC_AMT_RECEIVABLE_PRINCIPAL_MIN_MEAN (corr=0.999); PREV_CC_AMT_BALANCE_MIN_MEAN (corr=0.999),keep,"missing=74.7%; target_corr=0.061; redundant_with=[PREV_CC_AMT_RECEIVABLE_PRINCIPAL_MIN_MAX (corr=1.000); PREV_CC_AMT_BALANCE_MIN_MAX (corr=0.999); PREV_CC_AMT_RECIVABLE_MIN_MEAN (corr=0.999); PREV_CC_AMT_RECEIVABLE_PRINCIPAL_MIN_MEAN (corr=0.999); PREV_CC_AMT_BALANCE_MIN_MEAN (corr=0.999)] (kept, monitor for linear models)"
PREV_CC_AMT_RECIVABLE_MIN_MEAN,float64,74.66,False,False,False,0.0613,PREV_CC_AMT_RECEIVABLE_PRINCIPAL_MIN_MEAN (corr=1.000); PREV_CC_AMT_BALANCE_MIN_MEAN (corr=0.999); PREV_CC_AMT_RECEIVABLE_PRINCIPAL_MIN_MAX (corr=0.999); PREV_CC_AMT_BALANCE_MIN_MAX (corr=0.999),keep,"missing=74.7%; target_corr=0.061; redundant_with=[PREV_CC_AMT_RECEIVABLE_PRINCIPAL_MIN_MEAN (corr=1.000); PREV_CC_AMT_BALANCE_MIN_MEAN (corr=0.999); PREV_CC_AMT_RECEIVABLE_PRINCIPAL_MIN_MAX (corr=0.999); PREV_CC_AMT_BALANCE_MIN_MAX (corr=0.999)] (kept, monitor for linear models)"
PREV_CC_AMT_RECIVABLE_STD_MAX,float64,74.86,False,False,False,0.0592,PREV_CC_AMT_BALANCE_STD_MAX (corr=1.000); PREV_CC_AMT_RECEIVABLE_PRINCIPAL_STD_MAX (corr=1.000); PREV_CC_AMT_RECIVABLE_STD_MEAN (corr=1.000); PREV_CC_AMT_BALANCE_STD_MEAN (corr=0.999); PREV_CC_AMT_RECEIVABLE_PRINCIPAL_STD_MEAN (corr=0.999),keep,"missing=74.9%; target_corr=0.059; redundant_with=[PREV_CC_AMT_BALANCE_STD_MAX (corr=1.000); PREV_CC_AMT_RECEIVABLE_PRINCIPAL_STD_MAX (corr=1.000); PREV_CC_AMT_RECIVABLE_STD_MEAN (corr=1.000); PREV_CC_AMT_BALANCE_STD_MEAN (corr=0.999); PREV_CC_AMT_RECEIVABLE_PRINCIPAL_STD_MEAN (corr=0.999)] (kept, monitor for linear models)"
PREV_CC_AMT_RECIVABLE_STD_MEAN,float64,74.86,False,False,False,0.0592,PREV_CC_AMT_BALANCE_STD_MEAN (corr=1.000); PREV_CC_AMT_RECEIVABLE_PRINCIPAL_STD_MEAN (corr=1.000); PREV_CC_AMT_BALANCE_STD_MAX (corr=0.999); PREV_CC_AMT_RECEIVABLE_PRINCIPAL_STD_MAX (corr=0.999),keep,"missing=74.9%; target_corr=0.059; redundant_with=[PREV_CC_AMT_BALANCE_STD_MEAN (corr=1.000); PREV_CC_AMT_RECEIVABLE_PRINCIPAL_STD_MEAN (corr=1.000); PREV_CC_AMT_BALANCE_STD_MAX (corr=0.999); PREV_CC_AMT_RECEIVABLE_PRINCIPAL_STD_MAX (corr=0.999)] (kept, monitor for linear models)"
PREV_CC_AMT_RECIVABLE_SUM_MAX,float64,74.66,False,False,False,0.0248,PREV_CC_AMT_BALANCE_SUM_MAX (corr=1.000); PREV_CC_AMT_RECEIVABLE_PRINCIPAL_SUM_MAX (corr=1.000); PREV_CC_AMT_RECIVABLE_SUM_MEAN (corr=1.000); PREV_CC_AMT_BALANCE_SUM_MEAN (corr=1.000); PREV_CC_AMT_RECEIVABLE_PRINCIPAL_SUM_MEAN (corr=1.000); PREV_CC_AMT_INST_MIN_REGULARITY_SUM_MAX (corr=0.978); PREV_CC_AMT_INST_MIN_REGULARITY_SUM_MEAN (corr=0.977),keep,"missing=74.7%; target_corr=0.025; redundant_with=[PREV_CC_AMT_BALANCE_SUM_MAX (corr=1.000); PREV_CC_AMT_RECEIVABLE_PRINCIPAL_SUM_MAX (corr=1.000); PREV_CC_AMT_RECIVABLE_SUM_MEAN (corr=1.000); PREV_CC_AMT_BALANCE_SUM_MEAN (corr=1.000); PREV_CC_AMT_RECEIVABLE_PRINCIPAL_SUM_MEAN (corr=1.000); PREV_CC_AMT_INST_MIN_REGULARITY_SUM_MAX (corr=0.978); PREV_CC_AMT_INST_MIN_REGULARITY_SUM_MEAN (corr=0.977)] (kept, monitor for linear models)"
PREV_CC_AMT_RECIVABLE_SUM_MEAN,float64,74.66,False,False,False,0.0248,PREV_CC_AMT_BALANCE_SUM_MEAN (corr=1.000); PREV_CC_AMT_RECEIVABLE_PRINCIPAL_SUM_MEAN (corr=1.000); PREV_CC_AMT_BALANCE_SUM_MAX (corr=1.000); PREV_CC_AMT_RECEIVABLE_PRINCIPAL_SUM_MAX (corr=1.000); PREV_CC_AMT_INST_MIN_REGULARITY_SUM_MEAN (corr=0.978); PREV_CC_AMT_INST_MIN_REGULARITY_SUM_MAX (corr=0.977),keep,"missing=74.7%; target_corr=0.025; redundant_with=[PREV_CC_AMT_BALANCE_SUM_MEAN (corr=1.000); PREV_CC_AMT_RECEIVABLE_PRINCIPAL_SUM_MEAN (corr=1.000); PREV_CC_AMT_BALANCE_SUM_MAX (corr=1.000); PREV_CC_AMT_RECEIVABLE_PRINCIPAL_SUM_MAX (corr=1.000); PREV_CC_AMT_INST_MIN_REGULARITY_SUM_MEAN (corr=0.978); PREV_CC_AMT_INST_MIN_REGULARITY_SUM_MAX (corr=0.977)] (kept, monitor for linear models)"
PREV_CC_AMT_TOTAL_RECEIVABLE_MAX_MAX,float64,74.66,False,False,False,0.0681,PREV_CC_AMT_RECIVABLE_MAX_MAX (corr=1.000); PREV_CC_AMT_BALANCE_MAX_MAX (corr=1.000); PREV_CC_AMT_RECEIVABLE_PRINCIPAL_MAX_MAX (corr=1.000); PREV_CC_AMT_TOTAL_RECEIVABLE_MAX_MEAN (corr=1.000); PREV_CC_AMT_RECIVABLE_MAX_MEAN (corr=1.000); PREV_CC_AMT_BALANCE_MAX_MEAN (corr=0.999); PREV_CC_AMT_RECEIVABLE_PRINCIPAL_MAX_MEAN (corr=0.999); PREV_CC_AMT_INST_MIN_REGULARITY_MAX_MAX (corr=0.985); PREV_CC_AMT_INST_MIN_REGULARITY_MAX_MEAN (corr=0.984),keep,"missing=74.7%; target_corr=0.068; redundant_with=[PREV_CC_AMT_RECIVABLE_MAX_MAX (corr=1.000); PREV_CC_AMT_BALANCE_MAX_MAX (corr=1.000); PREV_CC_AMT_RECEIVABLE_PRINCIPAL_MAX_MAX (corr=1.000); PREV_CC_AMT_TOTAL_RECEIVABLE_MAX_MEAN (corr=1.000); PREV_CC_AMT_RECIVABLE_MAX_MEAN (corr=1.000); PREV_CC_AMT_BALANCE_MAX_MEAN (corr=0.999); PREV_CC_AMT_RECEIVABLE_PRINCIPAL_MAX_MEAN (corr=0.999); PREV_CC_AMT_INST_MIN_REGULARITY_MAX_MAX (corr=0.985); PREV_CC_AMT_INST_MIN_REGULARITY_MAX_MEAN (corr=0.984)] (kept, monitor for linear models)"
PREV_CC_AMT_TOTAL_RECEIVABLE_MAX_MEAN,float64,74.66,False,False,False,0.0679,PREV_CC_AMT_RECIVABLE_MAX_MEAN (corr=1.000); PREV_CC_AMT_BALANCE_MAX_MEAN (corr=1.000); PREV_CC_AMT_RECEIVABLE_PRINCIPAL_MAX_MEAN (corr=1.000); PREV_CC_AMT_RECIVABLE_MAX_MAX (corr=1.000); PREV_CC_AMT_BALANCE_MAX_MAX (corr=0.999); PREV_CC_AMT_RECEIVABLE_PRINCIPAL_MAX_MAX (corr=0.999); PREV_CC_AMT_INST_MIN_REGULARITY_MAX_MEAN (corr=0.985); PREV_CC_AMT_INST_MIN_REGULARITY_MAX_MAX (corr=0.984),keep,"missing=74.7%; target_corr=0.068; redundant_with=[PREV_CC_AMT_RECIVABLE_MAX_MEAN (corr=1.000); PREV_CC_AMT_BALANCE_MAX_MEAN (corr=1.000); PREV_CC_AMT_RECEIVABLE_PRINCIPAL_MAX_MEAN (corr=1.000); PREV_CC_AMT_RECIVABLE_MAX_MAX (corr=1.000); PREV_CC_AMT_BALANCE_MAX_MAX (corr=0.999); PREV_CC_AMT_RECEIVABLE_PRINCIPAL_MAX_MAX (corr=0.999); PREV_CC_AMT_INST_MIN_REGULARITY_MAX_MEAN (corr=0.985); PREV_CC_AMT_INST_MIN_REGULARITY_MAX_MAX (corr=0.984)] (kept, monitor for linear models)"
PREV_CC_AMT_TOTAL_RECEIVABLE_MEAN_MAX,float64,74.66,False,False,False,0.0852,PREV_CC_AMT_RECIVABLE_MEAN_MAX (corr=1.000); PREV_CC_AMT_BALANCE_MEAN_MAX (corr=1.000); PREV_CC_AMT_RECEIVABLE_PRINCIPAL_MEAN_MAX (corr=1.000); PREV_CC_AMT_TOTAL_RECEIVABLE_MEAN_MEAN (corr=1.000); PREV_CC_AMT_RECIVABLE_MEAN_MEAN (corr=1.000); PREV_CC_AMT_BALANCE_MEAN_MEAN (corr=1.000); PREV_CC_AMT_RECEIVABLE_PRINCIPAL_MEAN_MEAN (corr=1.000); PREV_CC_AMT_INST_MIN_REGULARITY_MEAN_MAX (corr=0.980); PREV_CC_AMT_INST_MIN_REGULARITY_MEAN_MEAN (corr=0.979),keep,"missing=74.7%; target_corr=0.085; redundant_with=[PREV_CC_AMT_RECIVABLE_MEAN_MAX (corr=1.000); PREV_CC_AMT_BALANCE_MEAN_MAX (corr=1.000); PREV_CC_AMT_RECEIVABLE_PRINCIPAL_MEAN_MAX (corr=1.000); PREV_CC_AMT_TOTAL_RECEIVABLE_MEAN_MEAN (corr=1.000); PREV_CC_AMT_RECIVABLE_MEAN_MEAN (corr=1.000); PREV_CC_AMT_BALANCE_MEAN_MEAN (corr=1.000); PREV_CC_AMT_RECEIVABLE_PRINCIPAL_MEAN_MEAN (corr=1.000); PREV_CC_AMT_INST_MIN_REGULARITY_MEAN_MAX (corr=0.980); PREV_CC_AMT_INST_MIN_REGULARITY_MEAN_MEAN (corr=0.979)] (kept, monitor for linear models)"
PREV_CC_AMT_TOTAL_RECEIVABLE_MEAN_MEAN,float64,74.66,False,False,False,0.085,PREV_CC_AMT_RECIVABLE_MEAN_MEAN (corr=1.000); PREV_CC_AMT_BALANCE_MEAN_MEAN (corr=1.000); PREV_CC_AMT_RECEIVABLE_PRINCIPAL_MEAN_MEAN (corr=1.000); PREV_CC_AMT_RECIVABLE_MEAN_MAX (corr=1.000); PREV_CC_AMT_BALANCE_MEAN_MAX (corr=1.000); PREV_CC_AMT_RECEIVABLE_PRINCIPAL_MEAN_MAX (corr=0.999); PREV_CC_AMT_INST_MIN_REGULARITY_MEAN_MEAN (corr=0.980); PREV_CC_AMT_INST_MIN_REGULARITY_MEAN_MAX (corr=0.979),keep,"missing=74.7%; target_corr=0.085; redundant_with=[PREV_CC_AMT_RECIVABLE_MEAN_MEAN (corr=1.000); PREV_CC_AMT_BALANCE_MEAN_MEAN (corr=1.000); PREV_CC_AMT_RECEIVABLE_PRINCIPAL_MEAN_MEAN (corr=1.000); PREV_CC_AMT_RECIVABLE_MEAN_MAX (corr=1.000); PREV_CC_AMT_BALANCE_MEAN_MAX (corr=1.000); PREV_CC_AMT_RECEIVABLE_PRINCIPAL_MEAN_MAX (corr=0.999); PREV_CC_AMT_INST_MIN_REGULARITY_MEAN_MEAN (corr=0.980); PREV_CC_AMT_INST_MIN_REGULARITY_MEAN_MAX (corr=0.979)] (kept, monitor for linear models)"
PREV_CC_AMT_TOTAL_RECEIVABLE_MIN_MAX,float64,74.66,False,False,False,0.0613,PREV_CC_AMT_RECIVABLE_MIN_MAX (corr=1.000); PREV_CC_AMT_RECEIVABLE_PRINCIPAL_MIN_MAX (corr=1.000); PREV_CC_AMT_BALANCE_MIN_MAX (corr=0.999); PREV_CC_AMT_TOTAL_RECEIVABLE_MIN_MEAN (corr=0.999); PREV_CC_AMT_RECIVABLE_MIN_MEAN (corr=0.999); PREV_CC_AMT_RECEIVABLE_PRINCIPAL_MIN_MEAN (corr=0.999); PREV_CC_AMT_BALANCE_MIN_MEAN (corr=0.999),keep,"missing=74.7%; target_corr=0.061; redundant_with=[PREV_CC_AMT_RECIVABLE_MIN_MAX (corr=1.000); PREV_CC_AMT_RECEIVABLE_PRINCIPAL_MIN_MAX (corr=1.000); PREV_CC_AMT_BALANCE_MIN_MAX (corr=0.999); PREV_CC_AMT_TOTAL_RECEIVABLE_MIN_MEAN (corr=0.999); PREV_CC_AMT_RECIVABLE_MIN_MEAN (corr=0.999); PREV_CC_AMT_RECEIVABLE_PRINCIPAL_MIN_MEAN (corr=0.999); PREV_CC_AMT_BALANCE_MIN_MEAN (corr=0.999)] (kept, monitor for linear models)"
PREV_CC_AMT_TOTAL_RECEIVABLE_MIN_MEAN,float64,74.66,False,False,False,0.0613,PREV_CC_AMT_RECIVABLE_MIN_MEAN (corr=1.000); PREV_CC_AMT_RECEIVABLE_PRINCIPAL_MIN_MEAN (corr=1.000); PREV_CC_AMT_BALANCE_MIN_MEAN (corr=0.999); PREV_CC_AMT_RECIVABLE_MIN_MAX (corr=0.999); PREV_CC_AMT_RECEIVABLE_PRINCIPAL_MIN_MAX (corr=0.999); PREV_CC_AMT_BALANCE_MIN_MAX (corr=0.999),keep,"missing=74.7%; target_corr=0.061; redundant_with=[PREV_CC_AMT_RECIVABLE_MIN_MEAN (corr=1.000); PREV_CC_AMT_RECEIVABLE_PRINCIPAL_MIN_MEAN (corr=1.000); PREV_CC_AMT_BALANCE_MIN_MEAN (corr=0.999); PREV_CC_AMT_RECIVABLE_MIN_MAX (corr=0.999); PREV_CC_AMT_RECEIVABLE_PRINCIPAL_MIN_MAX (corr=0.999); PREV_CC_AMT_BALANCE_MIN_MAX (corr=0.999)] (kept, monitor for linear models)"
PREV_CC_AMT_TOTAL_RECEIVABLE_STD_MAX,float64,74.86,False,False,False,0.0592,PREV_CC_AMT_RECIVABLE_STD_MAX (corr=1.000); PREV_CC_AMT_BALANCE_STD_MAX (corr=1.000); PREV_CC_AMT_RECEIVABLE_PRINCIPAL_STD_MAX (corr=1.000); PREV_CC_AMT_TOTAL_RECEIVABLE_STD_MEAN (corr=1.000); PREV_CC_AMT_RECIVABLE_STD_MEAN (corr=1.000); PREV_CC_AMT_BALANCE_STD_MEAN (corr=0.999); PREV_CC_AMT_RECEIVABLE_PRINCIPAL_STD_MEAN (corr=0.999),keep,"missing=74.9%; target_corr=0.059; redundant_with=[PREV_CC_AMT_RECIVABLE_STD_MAX (corr=1.000); PREV_CC_AMT_BALANCE_STD_MAX (corr=1.000); PREV_CC_AMT_RECEIVABLE_PRINCIPAL_STD_MAX (corr=1.000); PREV_CC_AMT_TOTAL_RECEIVABLE_STD_MEAN (corr=1.000); PREV_CC_AMT_RECIVABLE_STD_MEAN (corr=1.000); PREV_CC_AMT_BALANCE_STD_MEAN (corr=0.999); PREV_CC_AMT_RECEIVABLE_PRINCIPAL_STD_MEAN (corr=0.999)] (kept, monitor for linear models)"
PREV_CC_AMT_TOTAL_RECEIVABLE_STD_MEAN,float64,74.86,False,False,False,0.0592,PREV_CC_AMT_RECIVABLE_STD_MEAN (corr=1.000); PREV_CC_AMT_BALANCE_STD_MEAN (corr=1.000); PREV_CC_AMT_RECEIVABLE_PRINCIPAL_STD_MEAN (corr=1.000); PREV_CC_AMT_RECIVABLE_STD_MAX (corr=1.000); PREV_CC_AMT_BALANCE_STD_MAX (corr=0.999); PREV_CC_AMT_RECEIVABLE_PRINCIPAL_STD_MAX (corr=0.999),keep,"missing=74.9%; target_corr=0.059; redundant_with=[PREV_CC_AMT_RECIVABLE_STD_MEAN (corr=1.000); PREV_CC_AMT_BALANCE_STD_MEAN (corr=1.000); PREV_CC_AMT_RECEIVABLE_PRINCIPAL_STD_MEAN (corr=1.000); PREV_CC_AMT_RECIVABLE_STD_MAX (corr=1.000); PREV_CC_AMT_BALANCE_STD_MAX (corr=0.999); PREV_CC_AMT_RECEIVABLE_PRINCIPAL_STD_MAX (corr=0.999)] (kept, monitor for linear models)"
PREV_CC_AMT_TOTAL_RECEIVABLE_SUM_MAX,float64,74.66,False,False,False,0.0248,PREV_CC_AMT_RECIVABLE_SUM_MAX (corr=1.000); PREV_CC_AMT_BALANCE_SUM_MAX (corr=1.000); PREV_CC_AMT_RECEIVABLE_PRINCIPAL_SUM_MAX (corr=1.000); PREV_CC_AMT_TOTAL_RECEIVABLE_SUM_MEAN (corr=1.000); PREV_CC_AMT_RECIVABLE_SUM_MEAN (corr=1.000); PREV_CC_AMT_BALANCE_SUM_MEAN (corr=1.000); PREV_CC_AMT_RECEIVABLE_PRINCIPAL_SUM_MEAN (corr=1.000); PREV_CC_AMT_INST_MIN_REGULARITY_SUM_MAX (corr=0.978); PREV_CC_AMT_INST_MIN_REGULARITY_SUM_MEAN (corr=0.977),keep,"missing=74.7%; target_corr=0.025; redundant_with=[PREV_CC_AMT_RECIVABLE_SUM_MAX (corr=1.000); PREV_CC_AMT_BALANCE_SUM_MAX (corr=1.000); PREV_CC_AMT_RECEIVABLE_PRINCIPAL_SUM_MAX (corr=1.000); PREV_CC_AMT_TOTAL_RECEIVABLE_SUM_MEAN (corr=1.000); PREV_CC_AMT_RECIVABLE_SUM_MEAN (corr=1.000); PREV_CC_AMT_BALANCE_SUM_MEAN (corr=1.000); PREV_CC_AMT_RECEIVABLE_PRINCIPAL_SUM_MEAN (corr=1.000); PREV_CC_AMT_INST_MIN_REGULARITY_SUM_MAX (corr=0.978); PREV_CC_AMT_INST_MIN_REGULARITY_SUM_MEAN (corr=0.977)] (kept, monitor for linear models)"
PREV_CC_AMT_TOTAL_RECEIVABLE_SUM_MEAN,float64,74.66,False,False,False,0.0248,PREV_CC_AMT_RECIVABLE_SUM_MEAN (corr=1.000); PREV_CC_AMT_BALANCE_SUM_MEAN (corr=1.000); PREV_CC_AMT_RECEIVABLE_PRINCIPAL_SUM_MEAN (corr=1.000); PREV_CC_AMT_RECIVABLE_SUM_MAX (corr=1.000); PREV_CC_AMT_BALANCE_SUM_MAX (corr=1.000); PREV_CC_AMT_RECEIVABLE_PRINCIPAL_SUM_MAX (corr=1.000); PREV_CC_AMT_INST_MIN_REGULARITY_SUM_MEAN (corr=0.978); PREV_CC_AMT_INST_MIN_REGULARITY_SUM_MAX (corr=0.977),keep,"missing=74.7%; target_corr=0.025; redundant_with=[PREV_CC_AMT_RECIVABLE_SUM_MEAN (corr=1.000); PREV_CC_AMT_BALANCE_SUM_MEAN (corr=1.000); PREV_CC_AMT_RECEIVABLE_PRINCIPAL_SUM_MEAN (corr=1.000); PREV_CC_AMT_RECIVABLE_SUM_MAX (corr=1.000); PREV_CC_AMT_BALANCE_SUM_MAX (corr=1.000); PREV_CC_AMT_RECEIVABLE_PRINCIPAL_SUM_MAX (corr=1.000); PREV_CC_AMT_INST_MIN_REGULARITY_SUM_MEAN (corr=0.978); PREV_CC_AMT_INST_MIN_REGULARITY_SUM_MAX (corr=0.977)] (kept, monitor for linear models)"
PREV_CC_CNT_DRAWINGS_ATM_CURRENT_MAX_MAX,float64,82.79,False,False,False,0.0621,PREV_CC_CNT_DRAWINGS_ATM_CURRENT_MAX_MEAN (corr=1.000),keep,"missing=82.8%; target_corr=0.062; redundant_with=[PREV_CC_CNT_DRAWINGS_ATM_CURRENT_MAX_MEAN (corr=1.000)] (kept, monitor for linear models)"
PREV_CC_CNT_DRAWINGS_ATM_CURRENT_MAX_MEAN,float64,82.79,False,False,False,0.0622,,keep,missing=82.8%; target_corr=0.062
PREV_CC_CNT_DRAWINGS_ATM_CURRENT_MEAN_MAX,float64,82.79,False,False,False,0.1069,PREV_CC_CNT_DRAWINGS_ATM_CURRENT_MEAN_MEAN (corr=1.000),keep,"missing=82.8%; target_corr=0.107; redundant_with=[PREV_CC_CNT_DRAWINGS_ATM_CURRENT_MEAN_MEAN (corr=1.000)] (kept, monitor for linear models)"
PREV_CC_CNT_DRAWINGS_ATM_CURRENT_MEAN_MEAN,float64,82.79,False,False,False,0.1069,,keep,missing=82.8%; target_corr=0.107
PREV_CC_CNT_DRAWINGS_ATM_CURRENT_MIN_MAX,float64,82.79,False,False,False,0.0277,PREV_CC_CNT_DRAWINGS_ATM_CURRENT_MIN_MEAN (corr=0.999),keep,"missing=82.8%; target_corr=0.028; redundant_with=[PREV_CC_CNT_DRAWINGS_ATM_CURRENT_MIN_MEAN (corr=0.999)] (kept, monitor for linear models)"
PREV_CC_CNT_DRAWINGS_ATM_CURRENT_MIN_MEAN,float64,82.79,False,False,False,0.0279,,keep,missing=82.8%; target_corr=0.028
PREV_CC_CNT_DRAWINGS_ATM_CURRENT_STD_MAX,float64,82.93,False,False,False,0.1019,PREV_CC_CNT_DRAWINGS_ATM_CURRENT_STD_MEAN (corr=1.000),keep,"missing=82.9%; target_corr=0.102; redundant_with=[PREV_CC_CNT_DRAWINGS_ATM_CURRENT_STD_MEAN (corr=1.000)] (kept, monitor for linear models)"
PREV_CC_CNT_DRAWINGS_ATM_CURRENT_STD_MEAN,float64,82.93,False,False,False,0.1019,,keep,missing=82.9%; target_corr=0.102
PREV_CC_CNT_DRAWINGS_ATM_CURRENT_SUM_MAX,float64,74.66,False,False,False,0.0591,PREV_CC_CNT_DRAWINGS_ATM_CURRENT_SUM_MEAN (corr=0.999),keep,"missing=74.7%; target_corr=0.059; redundant_with=[PREV_CC_CNT_DRAWINGS_ATM_CURRENT_SUM_MEAN (corr=0.999)] (kept, monitor for linear models)"
PREV_CC_CNT_DRAWINGS_ATM_CURRENT_SUM_MEAN,float64,74.66,False,False,False,0.0591,,keep,missing=74.7%; target_corr=0.059
PREV_CC_CNT_DRAWINGS_CURRENT_MAX_MAX,float64,74.66,False,False,False,0.0995,PREV_CC_CNT_DRAWINGS_CURRENT_MAX_MEAN (corr=0.999),keep,"missing=74.7%; target_corr=0.100; redundant_with=[PREV_CC_CNT_DRAWINGS_CURRENT_MAX_MEAN (corr=0.999)] (kept, monitor for linear models)"
PREV_CC_CNT_DRAWINGS_CURRENT_MAX_MEAN,float64,74.66,False,False,False,0.0993,,keep,missing=74.7%; target_corr=0.099
PREV_CC_CNT_DRAWINGS_CURRENT_MEAN_MAX,float64,74.66,False,False,False,0.0804,PREV_CC_CNT_DRAWINGS_CURRENT_MEAN_MEAN (corr=0.999),keep,"missing=74.7%; target_corr=0.080; redundant_with=[PREV_CC_CNT_DRAWINGS_CURRENT_MEAN_MEAN (corr=0.999)] (kept, monitor for linear models)"
PREV_CC_CNT_DRAWINGS_CURRENT_MEAN_MEAN,float64,74.66,False,False,False,0.0804,,keep,missing=74.7%; target_corr=0.080
PREV_CC_CNT_DRAWINGS_CURRENT_MIN_MAX,float64,74.66,False,False,False,0.0256,PREV_CC_CNT_DRAWINGS_CURRENT_MIN_MEAN (corr=0.997),keep,"missing=74.7%; target_corr=0.026; redundant_with=[PREV_CC_CNT_DRAWINGS_CURRENT_MIN_MEAN (corr=0.997)] (kept, monitor for linear models)"
PREV_CC_CNT_DRAWINGS_CURRENT_MIN_MEAN,float64,74.66,False,False,False,0.026,,keep,missing=74.7%; target_corr=0.026
PREV_CC_CNT_DRAWINGS_CURRENT_STD_MAX,float64,74.86,False,False,False,0.1068,PREV_CC_CNT_DRAWINGS_CURRENT_STD_MEAN (corr=0.999); PREV_CC_CNT_DRAWINGS_CURRENT_MAX_MAX (corr=0.962); PREV_CC_CNT_DRAWINGS_CURRENT_MAX_MEAN (corr=0.961),keep,"missing=74.9%; target_corr=0.107; redundant_with=[PREV_CC_CNT_DRAWINGS_CURRENT_STD_MEAN (corr=0.999); PREV_CC_CNT_DRAWINGS_CURRENT_MAX_MAX (corr=0.962); PREV_CC_CNT_DRAWINGS_CURRENT_MAX_MEAN (corr=0.961)] (kept, monitor for linear models)"
PREV_CC_CNT_DRAWINGS_CURRENT_STD_MEAN,float64,74.86,False,False,False,0.1065,PREV_CC_CNT_DRAWINGS_CURRENT_MAX_MEAN (corr=0.962); PREV_CC_CNT_DRAWINGS_CURRENT_MAX_MAX (corr=0.962),keep,"missing=74.9%; target_corr=0.107; redundant_with=[PREV_CC_CNT_DRAWINGS_CURRENT_MAX_MEAN (corr=0.962); PREV_CC_CNT_DRAWINGS_CURRENT_MAX_MAX (corr=0.962)] (kept, monitor for linear models)"
PREV_CC_CNT_DRAWINGS_CURRENT_SUM_MAX,float64,74.66,False,False,False,0.05,PREV_CC_CNT_DRAWINGS_CURRENT_SUM_MEAN (corr=1.000),keep,"missing=74.7%; target_corr=0.050; redundant_with=[PREV_CC_CNT_DRAWINGS_CURRENT_SUM_MEAN (corr=1.000)] (kept, monitor for linear models)"
PREV_CC_CNT_DRAWINGS_CURRENT_SUM_MEAN,float64,74.66,False,False,False,0.0499,,keep,missing=74.7%; target_corr=0.050
PREV_CC_CNT_DRAWINGS_OTHER_CURRENT_MAX_MAX,float64,82.79,False,False,False,0.001,PREV_CC_CNT_DRAWINGS_OTHER_CURRENT_MAX_MEAN (corr=0.999),keep,"missing=82.8%; target_corr=0.001; redundant_with=[PREV_CC_CNT_DRAWINGS_OTHER_CURRENT_MAX_MEAN (corr=0.999)] (kept, monitor for linear models)"
PREV_CC_CNT_DRAWINGS_OTHER_CURRENT_MAX_MEAN,float64,82.79,False,False,False,0.0008,,keep,missing=82.8%; target_corr=0.001
PREV_CC_CNT_DRAWINGS_OTHER_CURRENT_MEAN_MAX,float64,82.79,False,False,False,0.009,PREV_CC_CNT_DRAWINGS_OTHER_CURRENT_MEAN_MEAN (corr=1.000),keep,"missing=82.8%; target_corr=0.009; redundant_with=[PREV_CC_CNT_DRAWINGS_OTHER_CURRENT_MEAN_MEAN (corr=1.000)] (kept, monitor for linear models)"
PREV_CC_CNT_DRAWINGS_OTHER_CURRENT_MEAN_MEAN,float64,82.79,False,False,False,0.009,,keep,missing=82.8%; target_corr=0.009
PREV_CC_CNT_DRAWINGS_OTHER_CURRENT_STD_MAX,float64,82.93,False,False,False,0.0099,PREV_CC_CNT_DRAWINGS_OTHER_CURRENT_STD_MEAN (corr=1.000),keep,"missing=82.9%; target_corr=0.010; redundant_with=[PREV_CC_CNT_DRAWINGS_OTHER_CURRENT_STD_MEAN (corr=1.000)] (kept, monitor for linear models)"
PREV_CC_CNT_DRAWINGS_OTHER_CURRENT_STD_MEAN,float64,82.93,False,False,False,0.0098,,keep,missing=82.9%; target_corr=0.010
PREV_CC_CNT_DRAWINGS_OTHER_CURRENT_SUM_MAX,float64,74.66,False,False,False,0.0054,PREV_CC_CNT_DRAWINGS_OTHER_CURRENT_SUM_MEAN (corr=1.000),keep,"missing=74.7%; target_corr=0.005; redundant_with=[PREV_CC_CNT_DRAWINGS_OTHER_CURRENT_SUM_MEAN (corr=1.000)] (kept, monitor for linear models)"
PREV_CC_CNT_DRAWINGS_OTHER_CURRENT_SUM_MEAN,float64,74.66,False,False,False,0.0052,,keep,missing=74.7%; target_corr=0.005
PREV_CC_CNT_DRAWINGS_POS_CURRENT_MAX_MAX,float64,82.79,False,False,False,0.057,PREV_CC_CNT_DRAWINGS_POS_CURRENT_MAX_MEAN (corr=0.999); PREV_CC_CNT_DRAWINGS_CURRENT_MAX_MAX (corr=0.957); PREV_CC_CNT_DRAWINGS_CURRENT_MAX_MEAN (corr=0.956),keep,"missing=82.8%; target_corr=0.057; redundant_with=[PREV_CC_CNT_DRAWINGS_POS_CURRENT_MAX_MEAN (corr=0.999); PREV_CC_CNT_DRAWINGS_CURRENT_MAX_MAX (corr=0.957); PREV_CC_CNT_DRAWINGS_CURRENT_MAX_MEAN (corr=0.956)] (kept, monitor for linear models)"
PREV_CC_CNT_DRAWINGS_POS_CURRENT_MAX_MEAN,float64,82.79,False,False,False,0.0568,PREV_CC_CNT_DRAWINGS_CURRENT_MAX_MEAN (corr=0.957); PREV_CC_CNT_DRAWINGS_CURRENT_MAX_MAX (corr=0.957),keep,"missing=82.8%; target_corr=0.057; redundant_with=[PREV_CC_CNT_DRAWINGS_CURRENT_MAX_MEAN (corr=0.957); PREV_CC_CNT_DRAWINGS_CURRENT_MAX_MAX (corr=0.957)] (kept, monitor for linear models)"
PREV_CC_CNT_DRAWINGS_POS_CURRENT_MEAN_MAX,float64,82.79,False,False,False,0.0435,PREV_CC_CNT_DRAWINGS_POS_CURRENT_MEAN_MEAN (corr=0.999); PREV_CC_CNT_DRAWINGS_CURRENT_MEAN_MAX (corr=0.970); PREV_CC_CNT_DRAWINGS_CURRENT_MEAN_MEAN (corr=0.969),keep,"missing=82.8%; target_corr=0.044; redundant_with=[PREV_CC_CNT_DRAWINGS_POS_CURRENT_MEAN_MEAN (corr=0.999); PREV_CC_CNT_DRAWINGS_CURRENT_MEAN_MAX (corr=0.970); PREV_CC_CNT_DRAWINGS_CURRENT_MEAN_MEAN (corr=0.969)] (kept, monitor for linear models)"
PREV_CC_CNT_DRAWINGS_POS_CURRENT_MEAN_MEAN,float64,82.79,False,False,False,0.0434,PREV_CC_CNT_DRAWINGS_CURRENT_MEAN_MEAN (corr=0.970); PREV_CC_CNT_DRAWINGS_CURRENT_MEAN_MAX (corr=0.969),keep,"missing=82.8%; target_corr=0.043; redundant_with=[PREV_CC_CNT_DRAWINGS_CURRENT_MEAN_MEAN (corr=0.970); PREV_CC_CNT_DRAWINGS_CURRENT_MEAN_MAX (corr=0.969)] (kept, monitor for linear models)"
PREV_CC_CNT_DRAWINGS_POS_CURRENT_MIN_MAX,float64,82.79,False,False,False,0.0169,PREV_CC_CNT_DRAWINGS_POS_CURRENT_MIN_MEAN (corr=0.998),keep,"missing=82.8%; target_corr=0.017; redundant_with=[PREV_CC_CNT_DRAWINGS_POS_CURRENT_MIN_MEAN (corr=0.998)] (kept, monitor for linear models)"
PREV_CC_CNT_DRAWINGS_POS_CURRENT_MIN_MEAN,float64,82.79,False,False,False,0.0171,,keep,missing=82.8%; target_corr=0.017
PREV_CC_CNT_DRAWINGS_POS_CURRENT_STD_MAX,float64,82.93,False,False,False,0.0642,PREV_CC_CNT_DRAWINGS_POS_CURRENT_STD_MEAN (corr=0.999); PREV_CC_CNT_DRAWINGS_POS_CURRENT_MAX_MAX (corr=0.968); PREV_CC_CNT_DRAWINGS_POS_CURRENT_MAX_MEAN (corr=0.967); PREV_CC_CNT_DRAWINGS_CURRENT_STD_MAX (corr=0.967); PREV_CC_CNT_DRAWINGS_CURRENT_STD_MEAN (corr=0.966),keep,"missing=82.9%; target_corr=0.064; redundant_with=[PREV_CC_CNT_DRAWINGS_POS_CURRENT_STD_MEAN (corr=0.999); PREV_CC_CNT_DRAWINGS_POS_CURRENT_MAX_MAX (corr=0.968); PREV_CC_CNT_DRAWINGS_POS_CURRENT_MAX_MEAN (corr=0.967); PREV_CC_CNT_DRAWINGS_CURRENT_STD_MAX (corr=0.967); PREV_CC_CNT_DRAWINGS_CURRENT_STD_MEAN (corr=0.966)] (kept, monitor for linear models)"
PREV_CC_CNT_DRAWINGS_POS_CURRENT_STD_MEAN,float64,82.93,False,False,False,0.0641,PREV_CC_CNT_DRAWINGS_POS_CURRENT_MAX_MEAN (corr=0.968); PREV_CC_CNT_DRAWINGS_POS_CURRENT_MAX_MAX (corr=0.967); PREV_CC_CNT_DRAWINGS_CURRENT_STD_MEAN (corr=0.966); PREV_CC_CNT_DRAWINGS_CURRENT_STD_MAX (corr=0.966),keep,"missing=82.9%; target_corr=0.064; redundant_with=[PREV_CC_CNT_DRAWINGS_POS_CURRENT_MAX_MEAN (corr=0.968); PREV_CC_CNT_DRAWINGS_POS_CURRENT_MAX_MAX (corr=0.967); PREV_CC_CNT_DRAWINGS_CURRENT_STD_MEAN (corr=0.966); PREV_CC_CNT_DRAWINGS_CURRENT_STD_MAX (corr=0.966)] (kept, monitor for linear models)"
PREV_CC_CNT_DRAWINGS_POS_CURRENT_SUM_MAX,float64,74.66,False,False,False,0.0362,PREV_CC_CNT_DRAWINGS_POS_CURRENT_SUM_MEAN (corr=0.999); PREV_CC_CNT_DRAWINGS_CURRENT_SUM_MAX (corr=0.964); PREV_CC_CNT_DRAWINGS_CURRENT_SUM_MEAN (corr=0.964),keep,"missing=74.7%; target_corr=0.036; redundant_with=[PREV_CC_CNT_DRAWINGS_POS_CURRENT_SUM_MEAN (corr=0.999); PREV_CC_CNT_DRAWINGS_CURRENT_SUM_MAX (corr=0.964); PREV_CC_CNT_DRAWINGS_CURRENT_SUM_MEAN (corr=0.964)] (kept, monitor for linear models)"
PREV_CC_CNT_DRAWINGS_POS_CURRENT_SUM_MEAN,float64,74.66,False,False,False,0.036,PREV_CC_CNT_DRAWINGS_CURRENT_SUM_MEAN (corr=0.964); PREV_CC_CNT_DRAWINGS_CURRENT_SUM_MAX (corr=0.964),keep,"missing=74.7%; target_corr=0.036; redundant_with=[PREV_CC_CNT_DRAWINGS_CURRENT_SUM_MEAN (corr=0.964); PREV_CC_CNT_DRAWINGS_CURRENT_SUM_MAX (corr=0.964)] (kept, monitor for linear models)"
PREV_CC_CNT_INSTALMENT_MATURE_CUM_MAX_MAX,float64,74.66,False,False,False,-0.0027,PREV_CC_CNT_INSTALMENT_MATURE_CUM_MAX_MEAN (corr=0.999); PREV_CC_CNT_INSTALMENT_MATURE_CUM_MEAN_MAX (corr=0.974); PREV_CC_CNT_INSTALMENT_MATURE_CUM_MEAN_MEAN (corr=0.974),keep,"missing=74.7%; target_corr=-0.003; redundant_with=[PREV_CC_CNT_INSTALMENT_MATURE_CUM_MAX_MEAN (corr=0.999); PREV_CC_CNT_INSTALMENT_MATURE_CUM_MEAN_MAX (corr=0.974); PREV_CC_CNT_INSTALMENT_MATURE_CUM_MEAN_MEAN (corr=0.974)] (kept, monitor for linear models)"
PREV_CC_CNT_INSTALMENT_MATURE_CUM_MAX_MEAN,float64,74.66,False,False,False,-0.0029,PREV_CC_CNT_INSTALMENT_MATURE_CUM_MEAN_MEAN (corr=0.974); PREV_CC_CNT_INSTALMENT_MATURE_CUM_MEAN_MAX (corr=0.973),keep,"missing=74.7%; target_corr=-0.003; redundant_with=[PREV_CC_CNT_INSTALMENT_MATURE_CUM_MEAN_MEAN (corr=0.974); PREV_CC_CNT_INSTALMENT_MATURE_CUM_MEAN_MAX (corr=0.973)] (kept, monitor for linear models)"
PREV_CC_CNT_INSTALMENT_MATURE_CUM_MEAN_MAX,float64,74.66,False,False,False,-0.0125,PREV_CC_CNT_INSTALMENT_MATURE_CUM_MEAN_MEAN (corr=0.999),keep,"missing=74.7%; target_corr=-0.012; redundant_with=[PREV_CC_CNT_INSTALMENT_MATURE_CUM_MEAN_MEAN (corr=0.999)] (kept, monitor for linear models)"
PREV_CC_CNT_INSTALMENT_MATURE_CUM_MEAN_MEAN,float64,74.66,False,False,False,-0.0127,,keep,missing=74.7%; target_corr=-0.013
PREV_CC_CNT_INSTALMENT_MATURE_CUM_MIN_MAX,float64,74.66,False,False,False,-0.0283,PREV_CC_CNT_INSTALMENT_MATURE_CUM_MIN_MEAN (corr=0.999),keep,"missing=74.7%; target_corr=-0.028; redundant_with=[PREV_CC_CNT_INSTALMENT_MATURE_CUM_MIN_MEAN (corr=0.999)] (kept, monitor for linear models)"
PREV_CC_CNT_INSTALMENT_MATURE_CUM_MIN_MEAN,float64,74.66,False,False,False,-0.0284,,keep,missing=74.7%; target_corr=-0.028
PREV_CC_CNT_INSTALMENT_MATURE_CUM_STD_MAX,float64,74.86,False,False,False,0.0012,PREV_CC_CNT_INSTALMENT_MATURE_CUM_STD_MEAN (corr=0.999); PREV_CC_CNT_INSTALMENT_MATURE_CUM_MAX_MAX (corr=0.995); PREV_CC_CNT_INSTALMENT_MATURE_CUM_MAX_MEAN (corr=0.994); PREV_CC_CNT_INSTALMENT_MATURE_CUM_MEAN_MAX (corr=0.972); PREV_CC_CNT_INSTALMENT_MATURE_CUM_MEAN_MEAN (corr=0.971),keep,"missing=74.9%; target_corr=0.001; redundant_with=[PREV_CC_CNT_INSTALMENT_MATURE_CUM_STD_MEAN (corr=0.999); PREV_CC_CNT_INSTALMENT_MATURE_CUM_MAX_MAX (corr=0.995); PREV_CC_CNT_INSTALMENT_MATURE_CUM_MAX_MEAN (corr=0.994); PREV_CC_CNT_INSTALMENT_MATURE_CUM_MEAN_MAX (corr=0.972); PREV_CC_CNT_INSTALMENT_MATURE_CUM_MEAN_MEAN (corr=0.971)] (kept, monitor for linear models)"
PREV_CC_CNT_INSTALMENT_MATURE_CUM_STD_MEAN,float64,74.86,False,False,False,0.0009,PREV_CC_CNT_INSTALMENT_MATURE_CUM_MAX_MEAN (corr=0.995); PREV_CC_CNT_INSTALMENT_MATURE_CUM_MAX_MAX (corr=0.995); PREV_CC_CNT_INSTALMENT_MATURE_CUM_MEAN_MEAN (corr=0.972); PREV_CC_CNT_INSTALMENT_MATURE_CUM_MEAN_MAX (corr=0.970),keep,"missing=74.9%; target_corr=0.001; redundant_with=[PREV_CC_CNT_INSTALMENT_MATURE_CUM_MAX_MEAN (corr=0.995); PREV_CC_CNT_INSTALMENT_MATURE_CUM_MAX_MAX (corr=0.995); PREV_CC_CNT_INSTALMENT_MATURE_CUM_MEAN_MEAN (corr=0.972); PREV_CC_CNT_INSTALMENT_MATURE_CUM_MEAN_MAX (corr=0.970)] (kept, monitor for linear models)"
PREV_CC_CNT_INSTALMENT_MATURE_CUM_SUM_MAX,float64,74.66,False,False,False,-0.0296,PREV_CC_CNT_INSTALMENT_MATURE_CUM_SUM_MEAN (corr=0.999); PREV_CC_CNT_INSTALMENT_MATURE_CUM_MEAN_MAX (corr=0.961); PREV_CC_CNT_INSTALMENT_MATURE_CUM_MEAN_MEAN (corr=0.959),keep,"missing=74.7%; target_corr=-0.030; redundant_with=[PREV_CC_CNT_INSTALMENT_MATURE_CUM_SUM_MEAN (corr=0.999); PREV_CC_CNT_INSTALMENT_MATURE_CUM_MEAN_MAX (corr=0.961); PREV_CC_CNT_INSTALMENT_MATURE_CUM_MEAN_MEAN (corr=0.959)] (kept, monitor for linear models)"
PREV_CC_CNT_INSTALMENT_MATURE_CUM_SUM_MEAN,float64,74.66,False,False,False,-0.0299,PREV_CC_CNT_INSTALMENT_MATURE_CUM_MEAN_MEAN (corr=0.961); PREV_CC_CNT_INSTALMENT_MATURE_CUM_MEAN_MAX (corr=0.960),keep,"missing=74.7%; target_corr=-0.030; redundant_with=[PREV_CC_CNT_INSTALMENT_MATURE_CUM_MEAN_MEAN (corr=0.961); PREV_CC_CNT_INSTALMENT_MATURE_CUM_MEAN_MAX (corr=0.960)] (kept, monitor for linear models)"
PREV_CC_COUNT_MAX,float64,74.66,False,False,False,-0.0464,PREV_CC_MONTHS_BALANCE_STD_MAX (corr=1.000); PREV_CC_MONTHS_BALANCE_STD_MEAN (corr=0.998); PREV_CC_COUNT_MEAN (corr=0.998); PREV_CC_MONTHS_BALANCE_MIN_MEAN (corr=0.998); PREV_CC_MONTHS_BALANCE_MEAN_MEAN (corr=0.997); PREV_CC_MONTHS_BALANCE_MIN_MAX (corr=0.993); PREV_CC_MONTHS_BALANCE_MEAN_MAX (corr=0.992); PREV_CC_MONTHS_BALANCE_SUM_MEAN (corr=0.975); PREV_CC_MONTHS_BALANCE_SUM_MAX (corr=0.970),keep,"missing=74.7%; target_corr=-0.046; redundant_with=[PREV_CC_MONTHS_BALANCE_STD_MAX (corr=1.000); PREV_CC_MONTHS_BALANCE_STD_MEAN (corr=0.998); PREV_CC_COUNT_MEAN (corr=0.998); PREV_CC_MONTHS_BALANCE_MIN_MEAN (corr=0.998); PREV_CC_MONTHS_BALANCE_MEAN_MEAN (corr=0.997); PREV_CC_MONTHS_BALANCE_MIN_MAX (corr=0.993); PREV_CC_MONTHS_BALANCE_MEAN_MAX (corr=0.992); PREV_CC_MONTHS_BALANCE_SUM_MEAN (corr=0.975); PREV_CC_MONTHS_BALANCE_SUM_MAX (corr=0.970)] (kept, monitor for linear models)"
PREV_CC_COUNT_MEAN,float64,74.66,False,False,False,-0.0467,PREV_CC_MONTHS_BALANCE_STD_MEAN (corr=1.000); PREV_CC_MONTHS_BALANCE_MIN_MEAN (corr=1.000); PREV_CC_MONTHS_BALANCE_MEAN_MEAN (corr=0.999); PREV_CC_MONTHS_BALANCE_STD_MAX (corr=0.998); PREV_CC_MONTHS_BALANCE_MIN_MAX (corr=0.998); PREV_CC_MONTHS_BALANCE_MEAN_MAX (corr=0.997); PREV_CC_MONTHS_BALANCE_SUM_MEAN (corr=0.976); PREV_CC_MONTHS_BALANCE_SUM_MAX (corr=0.975),keep,"missing=74.7%; target_corr=-0.047; redundant_with=[PREV_CC_MONTHS_BALANCE_STD_MEAN (corr=1.000); PREV_CC_MONTHS_BALANCE_MIN_MEAN (corr=1.000); PREV_CC_MONTHS_BALANCE_MEAN_MEAN (corr=0.999); PREV_CC_MONTHS_BALANCE_STD_MAX (corr=0.998); PREV_CC_MONTHS_BALANCE_MIN_MAX (corr=0.998); PREV_CC_MONTHS_BALANCE_MEAN_MAX (corr=0.997); PREV_CC_MONTHS_BALANCE_SUM_MEAN (corr=0.976); PREV_CC_MONTHS_BALANCE_SUM_MAX (corr=0.975)] (kept, monitor for linear models)"
PREV_CC_MONTHS_BALANCE_MAX_MAX,float64,74.66,False,False,False,0.0281,PREV_CC_MONTHS_BALANCE_MAX_MEAN (corr=1.000),keep,"missing=74.7%; target_corr=0.028; redundant_with=[PREV_CC_MONTHS_BALANCE_MAX_MEAN (corr=1.000)] (kept, monitor for linear models)"
PREV_CC_MONTHS_BALANCE_MAX_MEAN,float64,74.66,False,False,False,0.0281,,keep,missing=74.7%; target_corr=0.028
PREV_CC_MONTHS_BALANCE_MEAN_MAX,float64,74.66,False,False,False,0.0482,PREV_CC_MONTHS_BALANCE_MEAN_MEAN (corr=0.998),keep,"missing=74.7%; target_corr=0.048; redundant_with=[PREV_CC_MONTHS_BALANCE_MEAN_MEAN (corr=0.998)] (kept, monitor for linear models)"
PREV_CC_MONTHS_BALANCE_MEAN_MEAN,float64,74.66,False,False,False,0.0481,,keep,missing=74.7%; target_corr=0.048
PREV_CC_MONTHS_BALANCE_MIN_MAX,float64,74.66,False,False,False,0.0475,PREV_CC_MONTHS_BALANCE_MEAN_MAX (corr=1.000); PREV_CC_MONTHS_BALANCE_MIN_MEAN (corr=0.998); PREV_CC_MONTHS_BALANCE_MEAN_MEAN (corr=0.998),keep,"missing=74.7%; target_corr=0.048; redundant_with=[PREV_CC_MONTHS_BALANCE_MEAN_MAX (corr=1.000); PREV_CC_MONTHS_BALANCE_MIN_MEAN (corr=0.998); PREV_CC_MONTHS_BALANCE_MEAN_MEAN (corr=0.998)] (kept, monitor for linear models)"
PREV_CC_MONTHS_BALANCE_MIN_MEAN,float64,74.66,False,False,False,0.0474,PREV_CC_MONTHS_BALANCE_MEAN_MEAN (corr=1.000); PREV_CC_MONTHS_BALANCE_MEAN_MAX (corr=0.998),keep,"missing=74.7%; target_corr=0.047; redundant_with=[PREV_CC_MONTHS_BALANCE_MEAN_MEAN (corr=1.000); PREV_CC_MONTHS_BALANCE_MEAN_MAX (corr=0.998)] (kept, monitor for linear models)"
PREV_CC_MONTHS_BALANCE_STD_MAX,float64,74.86,False,False,False,-0.0461,PREV_CC_MONTHS_BALANCE_STD_MEAN (corr=0.998); PREV_CC_MONTHS_BALANCE_MIN_MEAN (corr=0.998); PREV_CC_MONTHS_BALANCE_MEAN_MEAN (corr=0.997); PREV_CC_MONTHS_BALANCE_MIN_MAX (corr=0.993); PREV_CC_MONTHS_BALANCE_MEAN_MAX (corr=0.992); PREV_CC_MONTHS_BALANCE_SUM_MEAN (corr=0.975); PREV_CC_MONTHS_BALANCE_SUM_MAX (corr=0.970),keep,"missing=74.9%; target_corr=-0.046; redundant_with=[PREV_CC_MONTHS_BALANCE_STD_MEAN (corr=0.998); PREV_CC_MONTHS_BALANCE_MIN_MEAN (corr=0.998); PREV_CC_MONTHS_BALANCE_MEAN_MEAN (corr=0.997); PREV_CC_MONTHS_BALANCE_MIN_MAX (corr=0.993); PREV_CC_MONTHS_BALANCE_MEAN_MAX (corr=0.992); PREV_CC_MONTHS_BALANCE_SUM_MEAN (corr=0.975); PREV_CC_MONTHS_BALANCE_SUM_MAX (corr=0.970)] (kept, monitor for linear models)"
PREV_CC_MONTHS_BALANCE_STD_MEAN,float64,74.86,False,False,False,-0.0465,PREV_CC_MONTHS_BALANCE_MIN_MEAN (corr=1.000); PREV_CC_MONTHS_BALANCE_MEAN_MEAN (corr=0.999); PREV_CC_MONTHS_BALANCE_MIN_MAX (corr=0.998); PREV_CC_MONTHS_BALANCE_MEAN_MAX (corr=0.997); PREV_CC_MONTHS_BALANCE_SUM_MEAN (corr=0.976); PREV_CC_MONTHS_BALANCE_SUM_MAX (corr=0.975),keep,"missing=74.9%; target_corr=-0.046; redundant_with=[PREV_CC_MONTHS_BALANCE_MIN_MEAN (corr=1.000); PREV_CC_MONTHS_BALANCE_MEAN_MEAN (corr=0.999); PREV_CC_MONTHS_BALANCE_MIN_MAX (corr=0.998); PREV_CC_MONTHS_BALANCE_MEAN_MAX (corr=0.997); PREV_CC_MONTHS_BALANCE_SUM_MEAN (corr=0.976); PREV_CC_MONTHS_BALANCE_SUM_MAX (corr=0.975)] (kept, monitor for linear models)"
PREV_CC_MONTHS_BALANCE_SUM_MAX,float64,74.66,False,False,False,0.0446,PREV_CC_MONTHS_BALANCE_SUM_MEAN (corr=0.998); PREV_CC_MONTHS_BALANCE_MIN_MAX (corr=0.976); PREV_CC_MONTHS_BALANCE_MEAN_MAX (corr=0.975); PREV_CC_MONTHS_BALANCE_MIN_MEAN (corr=0.975); PREV_CC_MONTHS_BALANCE_MEAN_MEAN (corr=0.974),keep,"missing=74.7%; target_corr=0.045; redundant_with=[PREV_CC_MONTHS_BALANCE_SUM_MEAN (corr=0.998); PREV_CC_MONTHS_BALANCE_MIN_MAX (corr=0.976); PREV_CC_MONTHS_BALANCE_MEAN_MAX (corr=0.975); PREV_CC_MONTHS_BALANCE_MIN_MEAN (corr=0.975); PREV_CC_MONTHS_BALANCE_MEAN_MEAN (corr=0.974)] (kept, monitor for linear models)"
PREV_CC_MONTHS_BALANCE_SUM_MEAN,float64,74.66,False,False,False,0.0445,PREV_CC_MONTHS_BALANCE_MIN_MEAN (corr=0.976); PREV_CC_MONTHS_BALANCE_MEAN_MEAN (corr=0.975); PREV_CC_MONTHS_BALANCE_MIN_MAX (corr=0.974); PREV_CC_MONTHS_BALANCE_MEAN_MAX (corr=0.973),keep,"missing=74.7%; target_corr=0.044; redundant_with=[PREV_CC_MONTHS_BALANCE_MIN_MEAN (corr=0.976); PREV_CC_MONTHS_BALANCE_MEAN_MEAN (corr=0.975); PREV_CC_MONTHS_BALANCE_MIN_MAX (corr=0.974); PREV_CC_MONTHS_BALANCE_MEAN_MAX (corr=0.973)] (kept, monitor for linear models)"
PREV_CC_NAME_CONTRACT_STATUS_NUNIQUE_MAX,float64,74.66,False,False,False,-0.0281,PREV_CC_NAME_CONTRACT_STATUS_NUNIQUE_MEAN (corr=0.996),keep,"missing=74.7%; target_corr=-0.028; redundant_with=[PREV_CC_NAME_CONTRACT_STATUS_NUNIQUE_MEAN (corr=0.996)] (kept, monitor for linear models)"
PREV_CC_NAME_CONTRACT_STATUS_NUNIQUE_MEAN,float64,74.66,False,False,False,-0.0286,,keep,missing=74.7%; target_corr=-0.029
PREV_CC_SK_DPD_DEF_MAX_MAX,float64,74.66,False,False,False,0.0181,PREV_CC_SK_DPD_DEF_MAX_MEAN (corr=1.000),keep,"missing=74.7%; target_corr=0.018; redundant_with=[PREV_CC_SK_DPD_DEF_MAX_MEAN (corr=1.000)] (kept, monitor for linear models)"
PREV_CC_SK_DPD_DEF_MAX_MEAN,float64,74.66,False,False,False,0.0179,,keep,missing=74.7%; target_corr=0.018
PREV_CC_SK_DPD_DEF_MEAN_MAX,float64,74.66,False,False,False,0.0202,PREV_CC_SK_DPD_DEF_MEAN_MEAN (corr=1.000),keep,"missing=74.7%; target_corr=0.020; redundant_with=[PREV_CC_SK_DPD_DEF_MEAN_MEAN (corr=1.000)] (kept, monitor for linear models)"
PREV_CC_SK_DPD_DEF_MEAN_MEAN,float64,74.66,False,False,False,0.0202,,keep,missing=74.7%; target_corr=0.020
PREV_CC_SK_DPD_DEF_STD_MAX,float64,74.86,False,False,False,0.0276,PREV_CC_SK_DPD_DEF_STD_MEAN (corr=1.000),keep,"missing=74.9%; target_corr=0.028; redundant_with=[PREV_CC_SK_DPD_DEF_STD_MEAN (corr=1.000)] (kept, monitor for linear models)"
PREV_CC_SK_DPD_DEF_STD_MEAN,float64,74.86,False,False,False,0.0275,,keep,missing=74.9%; target_corr=0.028
PREV_CC_SK_DPD_DEF_SUM_MAX,float64,74.66,False,False,False,0.0104,PREV_CC_SK_DPD_DEF_SUM_MEAN (corr=1.000),keep,"missing=74.7%; target_corr=0.010; redundant_with=[PREV_CC_SK_DPD_DEF_SUM_MEAN (corr=1.000)] (kept, monitor for linear models)"
PREV_CC_SK_DPD_DEF_SUM_MEAN,float64,74.66,False,False,False,0.0103,,keep,missing=74.7%; target_corr=0.010
PREV_CC_SK_DPD_MAX_MAX,float64,74.66,False,False,False,-0.0042,PREV_CC_SK_DPD_MAX_MEAN (corr=1.000); PREV_CC_SK_DPD_MEAN_MAX (corr=0.965); PREV_CC_SK_DPD_MEAN_MEAN (corr=0.965),keep,"missing=74.7%; target_corr=-0.004; redundant_with=[PREV_CC_SK_DPD_MAX_MEAN (corr=1.000); PREV_CC_SK_DPD_MEAN_MAX (corr=0.965); PREV_CC_SK_DPD_MEAN_MEAN (corr=0.965)] (kept, monitor for linear models)"
PREV_CC_SK_DPD_MAX_MEAN,float64,74.66,False,False,False,-0.0041,PREV_CC_SK_DPD_MEAN_MAX (corr=0.965); PREV_CC_SK_DPD_MEAN_MEAN (corr=0.965),keep,"missing=74.7%; target_corr=-0.004; redundant_with=[PREV_CC_SK_DPD_MEAN_MAX (corr=0.965); PREV_CC_SK_DPD_MEAN_MEAN (corr=0.965)] (kept, monitor for linear models)"
PREV_CC_SK_DPD_MEAN_MAX,float64,74.66,False,False,False,-0.0018,PREV_CC_SK_DPD_MEAN_MEAN (corr=1.000),keep,"missing=74.7%; target_corr=-0.002; redundant_with=[PREV_CC_SK_DPD_MEAN_MEAN (corr=1.000)] (kept, monitor for linear models)"
PREV_CC_SK_DPD_MEAN_MEAN,float64,74.66,False,False,False,-0.0018,,keep,missing=74.7%; target_corr=-0.002
PREV_CC_SK_DPD_STD_MAX,float64,74.86,False,False,False,-0.0036,PREV_CC_SK_DPD_STD_MEAN (corr=1.000); PREV_CC_SK_DPD_MAX_MAX (corr=0.997); PREV_CC_SK_DPD_MAX_MEAN (corr=0.997); PREV_CC_SK_DPD_MEAN_MAX (corr=0.974); PREV_CC_SK_DPD_MEAN_MEAN (corr=0.974); PREV_CC_SK_DPD_SUM_MAX (corr=0.973); PREV_CC_SK_DPD_SUM_MEAN (corr=0.973),keep,"missing=74.9%; target_corr=-0.004; redundant_with=[PREV_CC_SK_DPD_STD_MEAN (corr=1.000); PREV_CC_SK_DPD_MAX_MAX (corr=0.997); PREV_CC_SK_DPD_MAX_MEAN (corr=0.997); PREV_CC_SK_DPD_MEAN_MAX (corr=0.974); PREV_CC_SK_DPD_MEAN_MEAN (corr=0.974); PREV_CC_SK_DPD_SUM_MAX (corr=0.973); PREV_CC_SK_DPD_SUM_MEAN (corr=0.973)] (kept, monitor for linear models)"
PREV_CC_SK_DPD_STD_MEAN,float64,74.86,False,False,False,-0.0036,PREV_CC_SK_DPD_MAX_MEAN (corr=0.997); PREV_CC_SK_DPD_MAX_MAX (corr=0.997); PREV_CC_SK_DPD_MEAN_MAX (corr=0.974); PREV_CC_SK_DPD_MEAN_MEAN (corr=0.974); PREV_CC_SK_DPD_SUM_MAX (corr=0.973); PREV_CC_SK_DPD_SUM_MEAN (corr=0.973),keep,"missing=74.9%; target_corr=-0.004; redundant_with=[PREV_CC_SK_DPD_MAX_MEAN (corr=0.997); PREV_CC_SK_DPD_MAX_MAX (corr=0.997); PREV_CC_SK_DPD_MEAN_MAX (corr=0.974); PREV_CC_SK_DPD_MEAN_MEAN (corr=0.974); PREV_CC_SK_DPD_SUM_MAX (corr=0.973); PREV_CC_SK_DPD_SUM_MEAN (corr=0.973)] (kept, monitor for linear models)"
PREV_CC_SK_DPD_SUM_MAX,float64,74.66,False,False,False,-0.0028,PREV_CC_SK_DPD_SUM_MEAN (corr=1.000); PREV_CC_SK_DPD_MEAN_MAX (corr=0.990); PREV_CC_SK_DPD_MEAN_MEAN (corr=0.990); PREV_CC_SK_DPD_MAX_MEAN (corr=0.965); PREV_CC_SK_DPD_MAX_MAX (corr=0.965),keep,"missing=74.7%; target_corr=-0.003; redundant_with=[PREV_CC_SK_DPD_SUM_MEAN (corr=1.000); PREV_CC_SK_DPD_MEAN_MAX (corr=0.990); PREV_CC_SK_DPD_MEAN_MEAN (corr=0.990); PREV_CC_SK_DPD_MAX_MEAN (corr=0.965); PREV_CC_SK_DPD_MAX_MAX (corr=0.965)] (kept, monitor for linear models)"
PREV_CC_SK_DPD_SUM_MEAN,float64,74.66,False,False,False,-0.0028,PREV_CC_SK_DPD_MEAN_MEAN (corr=0.990); PREV_CC_SK_DPD_MEAN_MAX (corr=0.990); PREV_CC_SK_DPD_MAX_MEAN (corr=0.965); PREV_CC_SK_DPD_MAX_MAX (corr=0.965),keep,"missing=74.7%; target_corr=-0.003; redundant_with=[PREV_CC_SK_DPD_MEAN_MEAN (corr=0.990); PREV_CC_SK_DPD_MEAN_MAX (corr=0.990); PREV_CC_SK_DPD_MAX_MEAN (corr=0.965); PREV_CC_SK_DPD_MAX_MAX (corr=0.965)] (kept, monitor for linear models)"
PREV_CHANNEL_TYPE_NUNIQUE,float64,5.35,False,False,False,0.0033,,keep,missing=5.4%; target_corr=0.003
PREV_CNT_PAYMENT_MAX,float64,5.49,False,False,False,0.0294,,keep,missing=5.5%; target_corr=0.029
PREV_CNT_PAYMENT_MEAN,float64,5.49,False,False,False,0.0264,,keep,missing=5.5%; target_corr=0.026
PREV_CNT_PAYMENT_MIN,float64,5.49,False,False,False,-0.0119,,keep,missing=5.5%; target_corr=-0.012
PREV_CNT_PAYMENT_STD,float64,26.21,False,False,False,0.0472,,keep,missing=26.2%; target_corr=0.047
PREV_CNT_PAYMENT_SUM,float64,5.35,False,False,False,0.028,,keep,missing=5.4%; target_corr=0.028
PREV_CODE_REJECT_REASON_NUNIQUE,float64,5.35,False,False,False,0.0647,,keep,missing=5.4%; target_corr=0.065
PREV_COUNT,float64,5.35,False,False,False,0.0208,PREV_NFLAG_LAST_APPL_IN_DAY_SUM (corr=0.999); PREV_HOUR_APPR_PROCESS_START_SUM (corr=0.958),keep,"missing=5.4%; target_corr=0.021; redundant_with=[PREV_NFLAG_LAST_APPL_IN_DAY_SUM (corr=0.999); PREV_HOUR_APPR_PROCESS_START_SUM (corr=0.958)] (kept, monitor for linear models)"
PREV_DAYS_DECISION_MAX,float64,5.35,False,False,False,0.0174,,keep,missing=5.4%; target_corr=0.017
PREV_DAYS_DECISION_MEAN,float64,5.35,False,False,False,0.0459,,keep,missing=5.4%; target_corr=0.046
PREV_DAYS_DECISION_MIN,float64,5.35,False,False,False,0.0518,,keep,missing=5.4%; target_corr=0.052
PREV_DAYS_DECISION_STD,float64,22.43,False,False,False,-0.0584,,keep,missing=22.4%; target_corr=-0.058
PREV_DAYS_DECISION_SUM,float64,5.35,False,False,False,0.0173,,keep,missing=5.4%; target_corr=0.017
PREV_DAYS_FIRST_DRAWING_MAX,float64,5.77,False,False,False,-0.0148,,keep,missing=5.8%; target_corr=-0.015
PREV_DAYS_FIRST_DRAWING_MEAN,float64,5.77,False,False,False,-0.0486,,keep,missing=5.8%; target_corr=-0.049
PREV_DAYS_FIRST_DRAWING_MIN,float64,5.77,False,False,False,-0.0456,,keep,missing=5.8%; target_corr=-0.046
PREV_DAYS_FIRST_DRAWING_STD,float64,31.66,False,False,False,0.0674,PREV_DAYS_FIRST_DRAWING_MEAN (corr=0.976); PREV_DAYS_FIRST_DRAWING_MIN (corr=0.970),keep,"missing=31.7%; target_corr=0.067; redundant_with=[PREV_DAYS_FIRST_DRAWING_MEAN (corr=0.976); PREV_DAYS_FIRST_DRAWING_MIN (corr=0.970)] (kept, monitor for linear models)"
PREV_DAYS_FIRST_DRAWING_SUM,float64,5.35,False,False,False,-0.0391,,keep,missing=5.4%; target_corr=-0.039
PREV_DAYS_FIRST_DUE_MAX,float64,5.77,False,False,False,-0.0213,,keep,missing=5.8%; target_corr=-0.021
PREV_DAYS_FIRST_DUE_MEAN,float64,5.77,False,False,False,-0.0108,,keep,missing=5.8%; target_corr=-0.011
PREV_DAYS_FIRST_DUE_MIN,float64,5.77,False,False,False,0.0058,,keep,missing=5.8%; target_corr=0.006
PREV_DAYS_FIRST_DUE_STD,float64,31.66,False,False,False,-0.0159,PREV_DAYS_FIRST_DUE_MAX (corr=0.973); PREV_DAYS_FIRST_DUE_MEAN (corr=0.971); PREV_DAYS_FIRST_DUE_SUM (corr=0.959),keep,"missing=31.7%; target_corr=-0.016; redundant_with=[PREV_DAYS_FIRST_DUE_MAX (corr=0.973); PREV_DAYS_FIRST_DUE_MEAN (corr=0.971); PREV_DAYS_FIRST_DUE_SUM (corr=0.959)] (kept, monitor for linear models)"
PREV_DAYS_FIRST_DUE_SUM,float64,5.35,False,False,False,-0.0195,PREV_DAYS_FIRST_DUE_MAX (corr=0.985),keep,"missing=5.4%; target_corr=-0.020; redundant_with=[PREV_DAYS_FIRST_DUE_MAX (corr=0.985)] (kept, monitor for linear models)"
PREV_DAYS_LAST_DUE_1ST_VERSION_MAX,float64,5.77,False,False,False,0.019,,keep,missing=5.8%; target_corr=0.019
PREV_DAYS_LAST_DUE_1ST_VERSION_MEAN,float64,5.77,False,False,False,0.0303,,keep,missing=5.8%; target_corr=0.030
PREV_DAYS_LAST_DUE_1ST_VERSION_MIN,float64,5.77,False,False,False,0.0144,PREV_DAYS_FIRST_DRAWING_MAX (corr=0.955),keep,"missing=5.8%; target_corr=0.014; redundant_with=[PREV_DAYS_FIRST_DRAWING_MAX (corr=0.955)] (kept, monitor for linear models)"
PREV_DAYS_LAST_DUE_1ST_VERSION_STD,float64,31.66,False,False,False,0.04,PREV_DAYS_LAST_DUE_1ST_VERSION_MEAN (corr=0.972); PREV_DAYS_LAST_DUE_1ST_VERSION_MAX (corr=0.965); PREV_DAYS_LAST_DUE_1ST_VERSION_SUM (corr=0.961),keep,"missing=31.7%; target_corr=0.040; redundant_with=[PREV_DAYS_LAST_DUE_1ST_VERSION_MEAN (corr=0.972); PREV_DAYS_LAST_DUE_1ST_VERSION_MAX (corr=0.965); PREV_DAYS_LAST_DUE_1ST_VERSION_SUM (corr=0.961)] (kept, monitor for linear models)"
PREV_DAYS_LAST_DUE_1ST_VERSION_SUM,float64,5.35,False,False,False,0.0198,PREV_DAYS_LAST_DUE_1ST_VERSION_MAX (corr=0.996),keep,"missing=5.4%; target_corr=0.020; redundant_with=[PREV_DAYS_LAST_DUE_1ST_VERSION_MAX (corr=0.996)] (kept, monitor for linear models)"
PREV_DAYS_LAST_DUE_MAX,float64,5.77,False,False,False,0.0073,,keep,missing=5.8%; target_corr=0.007
PREV_DAYS_LAST_DUE_MEAN,float64,5.77,False,False,False,0.0266,,keep,missing=5.8%; target_corr=0.027
PREV_DAYS_LAST_DUE_MIN,float64,5.77,False,False,False,0.0252,,keep,missing=5.8%; target_corr=0.025
PREV_DAYS_LAST_DUE_STD,float64,31.66,False,False,False,0.0175,,keep,missing=31.7%; target_corr=0.018
PREV_DAYS_LAST_DUE_SUM,float64,5.35,False,False,False,0.0098,,keep,missing=5.4%; target_corr=0.010
PREV_DAYS_TERMINATION_MAX,float64,5.77,False,False,False,0.0062,,keep,missing=5.8%; target_corr=0.006
PREV_DAYS_TERMINATION_MEAN,float64,5.77,False,False,False,0.0256,,keep,missing=5.8%; target_corr=0.026
PREV_DAYS_TERMINATION_MIN,float64,5.77,False,False,False,0.0246,,keep,missing=5.8%; target_corr=0.025
PREV_DAYS_TERMINATION_STD,float64,31.66,False,False,False,0.0171,,keep,missing=31.7%; target_corr=0.017
PREV_DAYS_TERMINATION_SUM,float64,5.35,False,False,False,0.0086,,keep,missing=5.4%; target_corr=0.009
PREV_FLAG_LAST_APPL_PER_CONTRACT_NUNIQUE,float64,5.35,False,False,False,0.0061,,keep,missing=5.4%; target_corr=0.006
PREV_HOUR_APPR_PROCESS_START_MAX,float64,5.35,False,False,False,-0.0312,,keep,missing=5.4%; target_corr=-0.031
PREV_HOUR_APPR_PROCESS_START_MEAN,float64,5.35,False,False,False,-0.0372,,keep,missing=5.4%; target_corr=-0.037
PREV_HOUR_APPR_PROCESS_START_MIN,float64,5.35,False,False,False,-0.033,,keep,missing=5.4%; target_corr=-0.033
PREV_HOUR_APPR_PROCESS_START_STD,float64,22.43,False,False,False,-0.008,,keep,missing=22.4%; target_corr=-0.008
PREV_HOUR_APPR_PROCESS_START_SUM,float64,5.35,False,False,False,0.0115,,keep,missing=5.4%; target_corr=0.012
PREV_INST_AMT_INSTALMENT_MAX_MAX,float64,5.89,False,False,False,0.0029,,keep,missing=5.9%; target_corr=0.003
PREV_INST_AMT_INSTALMENT_MAX_MEAN,float64,5.89,False,False,False,0.0034,,keep,missing=5.9%; target_corr=0.003
PREV_INST_AMT_INSTALMENT_MEAN_MAX,float64,5.89,False,False,False,-0.0071,,keep,missing=5.9%; target_corr=-0.007
PREV_INST_AMT_INSTALMENT_MEAN_MEAN,float64,5.89,False,False,False,-0.0118,,keep,missing=5.9%; target_corr=-0.012
PREV_INST_AMT_INSTALMENT_MIN_MAX,float64,5.89,False,False,False,-0.0105,,keep,missing=5.9%; target_corr=-0.011
PREV_INST_AMT_INSTALMENT_MIN_MEAN,float64,5.89,False,False,False,-0.0178,,keep,missing=5.9%; target_corr=-0.018
PREV_INST_AMT_INSTALMENT_STD_MAX,float64,6.12,False,False,False,0.0051,,keep,missing=6.1%; target_corr=0.005
PREV_INST_AMT_INSTALMENT_STD_MEAN,float64,6.12,False,False,False,0.0063,,keep,missing=6.1%; target_corr=0.006
PREV_INST_AMT_INSTALMENT_SUM_MAX,float64,5.89,False,False,False,-0.0177,,keep,missing=5.9%; target_corr=-0.018
PREV_INST_AMT_INSTALMENT_SUM_MEAN,float64,5.89,False,False,False,-0.0171,,keep,missing=5.9%; target_corr=-0.017
PREV_INST_AMT_PAYMENT_MAX_MAX,float64,5.89,False,False,False,0.002,PREV_INST_AMT_INSTALMENT_MAX_MAX (corr=0.999),keep,"missing=5.9%; target_corr=0.002; redundant_with=[PREV_INST_AMT_INSTALMENT_MAX_MAX (corr=0.999)] (kept, monitor for linear models)"
PREV_INST_AMT_PAYMENT_MAX_MEAN,float64,5.89,False,False,False,0.0026,PREV_INST_AMT_INSTALMENT_MAX_MEAN (corr=0.999),keep,"missing=5.9%; target_corr=0.003; redundant_with=[PREV_INST_AMT_INSTALMENT_MAX_MEAN (corr=0.999)] (kept, monitor for linear models)"
PREV_INST_AMT_PAYMENT_MEAN_MAX,float64,5.89,False,False,False,-0.01,PREV_INST_AMT_INSTALMENT_MEAN_MAX (corr=0.989),keep,"missing=5.9%; target_corr=-0.010; redundant_with=[PREV_INST_AMT_INSTALMENT_MEAN_MAX (corr=0.989)] (kept, monitor for linear models)"
PREV_INST_AMT_PAYMENT_MEAN_MEAN,float64,5.89,False,False,False,-0.0153,PREV_INST_AMT_INSTALMENT_MEAN_MEAN (corr=0.989),keep,"missing=5.9%; target_corr=-0.015; redundant_with=[PREV_INST_AMT_INSTALMENT_MEAN_MEAN (corr=0.989)] (kept, monitor for linear models)"
PREV_INST_AMT_PAYMENT_MIN_MAX,float64,5.89,False,False,False,-0.0137,PREV_INST_AMT_INSTALMENT_MIN_MAX (corr=0.986),keep,"missing=5.9%; target_corr=-0.014; redundant_with=[PREV_INST_AMT_INSTALMENT_MIN_MAX (corr=0.986)] (kept, monitor for linear models)"
PREV_INST_AMT_PAYMENT_MIN_MEAN,float64,5.89,False,False,False,-0.0235,PREV_INST_AMT_INSTALMENT_MIN_MEAN (corr=0.973),keep,"missing=5.9%; target_corr=-0.023; redundant_with=[PREV_INST_AMT_INSTALMENT_MIN_MEAN (corr=0.973)] (kept, monitor for linear models)"
PREV_INST_AMT_PAYMENT_STD_MAX,float64,6.12,False,False,False,0.0037,PREV_INST_AMT_INSTALMENT_STD_MAX (corr=0.991),keep,"missing=6.1%; target_corr=0.004; redundant_with=[PREV_INST_AMT_INSTALMENT_STD_MAX (corr=0.991)] (kept, monitor for linear models)"
PREV_INST_AMT_PAYMENT_STD_MEAN,float64,6.12,False,False,False,0.0059,PREV_INST_AMT_INSTALMENT_STD_MEAN (corr=0.992),keep,"missing=6.1%; target_corr=0.006; redundant_with=[PREV_INST_AMT_INSTALMENT_STD_MEAN (corr=0.992)] (kept, monitor for linear models)"
PREV_INST_AMT_PAYMENT_SUM_MAX,float64,5.89,False,False,False,-0.025,PREV_INST_AMT_INSTALMENT_SUM_MAX (corr=0.958),keep,"missing=5.9%; target_corr=-0.025; redundant_with=[PREV_INST_AMT_INSTALMENT_SUM_MAX (corr=0.958)] (kept, monitor for linear models)"
PREV_INST_AMT_PAYMENT_SUM_MEAN,float64,5.89,False,False,False,-0.0242,PREV_INST_AMT_INSTALMENT_SUM_MEAN (corr=0.969),keep,"missing=5.9%; target_corr=-0.024; redundant_with=[PREV_INST_AMT_INSTALMENT_SUM_MEAN (corr=0.969)] (kept, monitor for linear models)"
PREV_INST_COUNT_MAX,float64,5.89,False,False,False,-0.0031,PREV_INST_NUM_INSTALMENT_NUMBER_MEAN_MAX (corr=0.983),keep,"missing=5.9%; target_corr=-0.003; redundant_with=[PREV_INST_NUM_INSTALMENT_NUMBER_MEAN_MAX (corr=0.983)] (kept, monitor for linear models)"
PREV_INST_COUNT_MEAN,float64,5.89,False,False,False,0.0045,PREV_INST_NUM_INSTALMENT_NUMBER_MEAN_MEAN (corr=0.969),keep,"missing=5.9%; target_corr=0.004; redundant_with=[PREV_INST_NUM_INSTALMENT_NUMBER_MEAN_MEAN (corr=0.969)] (kept, monitor for linear models)"
PREV_INST_DAYS_ENTRY_PAYMENT_MAX_MAX,float64,5.89,False,False,False,0.0006,PREV_INST_DAYS_INSTALMENT_MAX_MAX (corr=0.997); PREV_INST_DAYS_ENTRY_PAYMENT_MEAN_MAX (corr=0.951); PREV_INST_DAYS_INSTALMENT_MEAN_MAX (corr=0.950),keep,"missing=5.9%; target_corr=0.001; redundant_with=[PREV_INST_DAYS_INSTALMENT_MAX_MAX (corr=0.997); PREV_INST_DAYS_ENTRY_PAYMENT_MEAN_MAX (corr=0.951); PREV_INST_DAYS_INSTALMENT_MEAN_MAX (corr=0.950)] (kept, monitor for linear models)"
PREV_INST_DAYS_ENTRY_PAYMENT_MAX_MEAN,float64,5.89,False,False,False,0.0375,PREV_INST_DAYS_INSTALMENT_MAX_MEAN (corr=0.997); PREV_INST_DAYS_ENTRY_PAYMENT_MEAN_MEAN (corr=0.975); PREV_INST_DAYS_INSTALMENT_MEAN_MEAN (corr=0.974); PREV_POS_MONTHS_BALANCE_MAX_MEAN (corr=0.966); PREV_POS_MONTHS_BALANCE_MEAN_MEAN (corr=0.965),keep,"missing=5.9%; target_corr=0.037; redundant_with=[PREV_INST_DAYS_INSTALMENT_MAX_MEAN (corr=0.997); PREV_INST_DAYS_ENTRY_PAYMENT_MEAN_MEAN (corr=0.975); PREV_INST_DAYS_INSTALMENT_MEAN_MEAN (corr=0.974); PREV_POS_MONTHS_BALANCE_MAX_MEAN (corr=0.966); PREV_POS_MONTHS_BALANCE_MEAN_MEAN (corr=0.965)] (kept, monitor for linear models)"
PREV_INST_DAYS_ENTRY_PAYMENT_MEAN_MAX,float64,5.89,False,False,False,0.0033,PREV_INST_DAYS_INSTALMENT_MEAN_MAX (corr=1.000); PREV_INST_DAYS_INSTALMENT_MIN_MAX (corr=0.974); PREV_INST_DAYS_INSTALMENT_MAX_MAX (corr=0.954),keep,"missing=5.9%; target_corr=0.003; redundant_with=[PREV_INST_DAYS_INSTALMENT_MEAN_MAX (corr=1.000); PREV_INST_DAYS_INSTALMENT_MIN_MAX (corr=0.974); PREV_INST_DAYS_INSTALMENT_MAX_MAX (corr=0.954)] (kept, monitor for linear models)"
PREV_INST_DAYS_ENTRY_PAYMENT_MEAN_MEAN,float64,5.89,False,False,False,0.0396,PREV_INST_DAYS_INSTALMENT_MEAN_MEAN (corr=1.000); PREV_INST_DAYS_INSTALMENT_MIN_MEAN (corr=0.983); PREV_POS_MONTHS_BALANCE_MEAN_MEAN (corr=0.982); PREV_INST_DAYS_INSTALMENT_MAX_MEAN (corr=0.978); PREV_POS_MONTHS_BALANCE_MIN_MEAN (corr=0.977); PREV_POS_MONTHS_BALANCE_MAX_MEAN (corr=0.967),keep,"missing=5.9%; target_corr=0.040; redundant_with=[PREV_INST_DAYS_INSTALMENT_MEAN_MEAN (corr=1.000); PREV_INST_DAYS_INSTALMENT_MIN_MEAN (corr=0.983); PREV_POS_MONTHS_BALANCE_MEAN_MEAN (corr=0.982); PREV_INST_DAYS_INSTALMENT_MAX_MEAN (corr=0.978); PREV_POS_MONTHS_BALANCE_MIN_MEAN (corr=0.977); PREV_POS_MONTHS_BALANCE_MAX_MEAN (corr=0.967)] (kept, monitor for linear models)"
PREV_INST_DAYS_ENTRY_PAYMENT_MIN_MAX,float64,5.89,False,False,False,0.0049,PREV_INST_DAYS_INSTALMENT_MIN_MAX (corr=1.000); PREV_INST_DAYS_INSTALMENT_MEAN_MAX (corr=0.975); PREV_INST_DAYS_ENTRY_PAYMENT_MEAN_MAX (corr=0.974); PREV_POS_MONTHS_BALANCE_MIN_MAX (corr=0.964); PREV_POS_MONTHS_BALANCE_MEAN_MAX (corr=0.952),keep,"missing=5.9%; target_corr=0.005; redundant_with=[PREV_INST_DAYS_INSTALMENT_MIN_MAX (corr=1.000); PREV_INST_DAYS_INSTALMENT_MEAN_MAX (corr=0.975); PREV_INST_DAYS_ENTRY_PAYMENT_MEAN_MAX (corr=0.974); PREV_POS_MONTHS_BALANCE_MIN_MAX (corr=0.964); PREV_POS_MONTHS_BALANCE_MEAN_MAX (corr=0.952)] (kept, monitor for linear models)"
PREV_INST_DAYS_ENTRY_PAYMENT_MIN_MEAN,float64,5.89,False,False,False,0.0393,PREV_INST_DAYS_INSTALMENT_MIN_MEAN (corr=1.000); PREV_INST_DAYS_INSTALMENT_MEAN_MEAN (corr=0.983); PREV_INST_DAYS_ENTRY_PAYMENT_MEAN_MEAN (corr=0.983); PREV_POS_MONTHS_BALANCE_MIN_MEAN (corr=0.979); PREV_POS_MONTHS_BALANCE_MEAN_MEAN (corr=0.971),keep,"missing=5.9%; target_corr=0.039; redundant_with=[PREV_INST_DAYS_INSTALMENT_MIN_MEAN (corr=1.000); PREV_INST_DAYS_INSTALMENT_MEAN_MEAN (corr=0.983); PREV_INST_DAYS_ENTRY_PAYMENT_MEAN_MEAN (corr=0.983); PREV_POS_MONTHS_BALANCE_MIN_MEAN (corr=0.979); PREV_POS_MONTHS_BALANCE_MEAN_MEAN (corr=0.971)] (kept, monitor for linear models)"
PREV_INST_DAYS_ENTRY_PAYMENT_STD_MAX,float64,6.12,False,False,False,-0.017,PREV_INST_DAYS_INSTALMENT_STD_MAX (corr=0.988),keep,"missing=6.1%; target_corr=-0.017; redundant_with=[PREV_INST_DAYS_INSTALMENT_STD_MAX (corr=0.988)] (kept, monitor for linear models)"
PREV_INST_DAYS_ENTRY_PAYMENT_STD_MEAN,float64,6.12,False,False,False,-0.0114,PREV_INST_DAYS_INSTALMENT_STD_MEAN (corr=0.980),keep,"missing=6.1%; target_corr=-0.011; redundant_with=[PREV_INST_DAYS_INSTALMENT_STD_MEAN (corr=0.980)] (kept, monitor for linear models)"
PREV_INST_DAYS_ENTRY_PAYMENT_SUM_MAX,float64,5.89,False,False,False,0.0009,PREV_INST_DAYS_INSTALMENT_SUM_MAX (corr=1.000),keep,"missing=5.9%; target_corr=0.001; redundant_with=[PREV_INST_DAYS_INSTALMENT_SUM_MAX (corr=1.000)] (kept, monitor for linear models)"
PREV_INST_DAYS_ENTRY_PAYMENT_SUM_MEAN,float64,5.89,False,False,False,0.0206,PREV_INST_DAYS_INSTALMENT_SUM_MEAN (corr=1.000),keep,"missing=5.9%; target_corr=0.021; redundant_with=[PREV_INST_DAYS_INSTALMENT_SUM_MEAN (corr=1.000)] (kept, monitor for linear models)"
PREV_INST_DAYS_INSTALMENT_MAX_MAX,float64,5.89,False,False,False,-0.0004,PREV_INST_DAYS_INSTALMENT_MEAN_MAX (corr=0.954),keep,"missing=5.9%; target_corr=-0.000; redundant_with=[PREV_INST_DAYS_INSTALMENT_MEAN_MAX (corr=0.954)] (kept, monitor for linear models)"
PREV_INST_DAYS_INSTALMENT_MAX_MEAN,float64,5.89,False,False,False,0.0367,PREV_INST_DAYS_INSTALMENT_MEAN_MEAN (corr=0.978); PREV_POS_MONTHS_BALANCE_MEAN_MEAN (corr=0.965); PREV_POS_MONTHS_BALANCE_MAX_MEAN (corr=0.964),keep,"missing=5.9%; target_corr=0.037; redundant_with=[PREV_INST_DAYS_INSTALMENT_MEAN_MEAN (corr=0.978); PREV_POS_MONTHS_BALANCE_MEAN_MEAN (corr=0.965); PREV_POS_MONTHS_BALANCE_MAX_MEAN (corr=0.964)] (kept, monitor for linear models)"
PREV_INST_DAYS_INSTALMENT_MEAN_MAX,float64,5.89,False,False,False,0.0026,,keep,missing=5.9%; target_corr=0.003
PREV_INST_DAYS_INSTALMENT_MEAN_MEAN,float64,5.89,False,False,False,0.039,PREV_POS_MONTHS_BALANCE_MEAN_MEAN (corr=0.982); PREV_POS_MONTHS_BALANCE_MIN_MEAN (corr=0.978); PREV_POS_MONTHS_BALANCE_MAX_MEAN (corr=0.967),keep,"missing=5.9%; target_corr=0.039; redundant_with=[PREV_POS_MONTHS_BALANCE_MEAN_MEAN (corr=0.982); PREV_POS_MONTHS_BALANCE_MIN_MEAN (corr=0.978); PREV_POS_MONTHS_BALANCE_MAX_MEAN (corr=0.967)] (kept, monitor for linear models)"
PREV_INST_DAYS_INSTALMENT_MIN_MAX,float64,5.89,False,False,False,0.0046,PREV_INST_DAYS_INSTALMENT_MEAN_MAX (corr=0.975); PREV_POS_MONTHS_BALANCE_MIN_MAX (corr=0.966); PREV_POS_MONTHS_BALANCE_MEAN_MAX (corr=0.953),keep,"missing=5.9%; target_corr=0.005; redundant_with=[PREV_INST_DAYS_INSTALMENT_MEAN_MAX (corr=0.975); PREV_POS_MONTHS_BALANCE_MIN_MAX (corr=0.966); PREV_POS_MONTHS_BALANCE_MEAN_MAX (corr=0.953)] (kept, monitor for linear models)"
PREV_INST_DAYS_INSTALMENT_MIN_MEAN,float64,5.89,False,False,False,0.0391,PREV_INST_DAYS_INSTALMENT_MEAN_MEAN (corr=0.983); PREV_POS_MONTHS_BALANCE_MIN_MEAN (corr=0.979); PREV_POS_MONTHS_BALANCE_MEAN_MEAN (corr=0.971),keep,"missing=5.9%; target_corr=0.039; redundant_with=[PREV_INST_DAYS_INSTALMENT_MEAN_MEAN (corr=0.983); PREV_POS_MONTHS_BALANCE_MIN_MEAN (corr=0.979); PREV_POS_MONTHS_BALANCE_MEAN_MEAN (corr=0.971)] (kept, monitor for linear models)"
PREV_INST_DAYS_INSTALMENT_STD_MAX,float64,6.12,False,False,False,-0.0176,,keep,missing=6.1%; target_corr=-0.018
PREV_INST_DAYS_INSTALMENT_STD_MEAN,float64,6.12,False,False,False,-0.013,,keep,missing=6.1%; target_corr=-0.013
PREV_INST_DAYS_INSTALMENT_SUM_MAX,float64,5.89,False,False,False,0.0006,,keep,missing=5.9%; target_corr=0.001
PREV_INST_DAYS_INSTALMENT_SUM_MEAN,float64,5.89,False,False,False,0.0203,,keep,missing=5.9%; target_corr=0.020
PREV_INST_NUM_INSTALMENT_NUMBER_MAX_MAX,float64,5.89,False,False,False,0.0199,,keep,missing=5.9%; target_corr=0.020
PREV_INST_NUM_INSTALMENT_NUMBER_MAX_MEAN,float64,5.89,False,False,False,0.0333,,keep,missing=5.9%; target_corr=0.033
PREV_INST_NUM_INSTALMENT_NUMBER_MEAN_MAX,float64,5.89,False,False,False,0.0023,,keep,missing=5.9%; target_corr=0.002
PREV_INST_NUM_INSTALMENT_NUMBER_MEAN_MEAN,float64,5.89,False,False,False,0.0123,,keep,missing=5.9%; target_corr=0.012
PREV_INST_NUM_INSTALMENT_NUMBER_STD_MAX,float64,6.12,False,False,False,0.0225,PREV_INST_NUM_INSTALMENT_NUMBER_MAX_MAX (corr=0.981),keep,"missing=6.1%; target_corr=0.023; redundant_with=[PREV_INST_NUM_INSTALMENT_NUMBER_MAX_MAX (corr=0.981)] (kept, monitor for linear models)"
PREV_INST_NUM_INSTALMENT_NUMBER_STD_MEAN,float64,6.12,False,False,False,0.0363,PREV_INST_NUM_INSTALMENT_NUMBER_MAX_MEAN (corr=0.970),keep,"missing=6.1%; target_corr=0.036; redundant_with=[PREV_INST_NUM_INSTALMENT_NUMBER_MAX_MEAN (corr=0.970)] (kept, monitor for linear models)"
PREV_INST_NUM_INSTALMENT_NUMBER_SUM_MAX,float64,5.89,False,False,False,-0.0065,,keep,missing=5.9%; target_corr=-0.007
PREV_INST_NUM_INSTALMENT_NUMBER_SUM_MEAN,float64,5.89,False,False,False,-0.0041,,keep,missing=5.9%; target_corr=-0.004
PREV_INST_NUM_INSTALMENT_VERSION_MAX_MAX,float64,5.89,False,False,False,-0.0213,,keep,missing=5.9%; target_corr=-0.021
PREV_INST_NUM_INSTALMENT_VERSION_MAX_MEAN,float64,5.89,False,False,False,-0.019,,keep,missing=5.9%; target_corr=-0.019
PREV_INST_NUM_INSTALMENT_VERSION_MEAN_MAX,float64,5.89,False,False,False,-0.0275,,keep,missing=5.9%; target_corr=-0.027
PREV_INST_NUM_INSTALMENT_VERSION_MEAN_MEAN,float64,5.89,False,False,False,-0.0346,,keep,missing=5.9%; target_corr=-0.035
PREV_INST_NUM_INSTALMENT_VERSION_MIN_MAX,float64,5.89,False,False,False,-0.0056,,keep,missing=5.9%; target_corr=-0.006
PREV_INST_NUM_INSTALMENT_VERSION_MIN_MEAN,float64,5.89,False,False,False,-0.0387,,keep,missing=5.9%; target_corr=-0.039
PREV_INST_NUM_INSTALMENT_VERSION_STD_MAX,float64,6.12,False,False,False,-0.0217,,keep,missing=6.1%; target_corr=-0.022
PREV_INST_NUM_INSTALMENT_VERSION_STD_MEAN,float64,6.12,False,False,False,-0.0153,PREV_INST_NUM_INSTALMENT_VERSION_MAX_MEAN (corr=0.957),keep,"missing=6.1%; target_corr=-0.015; redundant_with=[PREV_INST_NUM_INSTALMENT_VERSION_MAX_MEAN (corr=0.957)] (kept, monitor for linear models)"
PREV_INST_NUM_INSTALMENT_VERSION_SUM_MAX,float64,5.89,False,False,False,-0.0188,,keep,missing=5.9%; target_corr=-0.019
PREV_INST_NUM_INSTALMENT_VERSION_SUM_MEAN,float64,5.89,False,False,False,-0.015,,keep,missing=5.9%; target_corr=-0.015
PREV_NAME_CASH_LOAN_PURPOSE_NUNIQUE,float64,5.35,False,False,False,0.0368,,keep,missing=5.4%; target_corr=0.037
PREV_NAME_CLIENT_TYPE_NUNIQUE,float64,5.35,False,False,False,0.0016,,keep,missing=5.4%; target_corr=0.002
PREV_NAME_CONTRACT_STATUS_NUNIQUE,float64,5.35,False,False,False,0.0415,,keep,missing=5.4%; target_corr=0.042
PREV_NAME_CONTRACT_TYPE_NUNIQUE,float64,5.35,False,False,False,0.0256,,keep,missing=5.4%; target_corr=0.026
PREV_NAME_GOODS_CATEGORY_NUNIQUE,float64,5.35,False,False,False,-0.0196,,keep,missing=5.4%; target_corr=-0.020
PREV_NAME_PAYMENT_TYPE_NUNIQUE,float64,5.35,False,False,False,0.0158,,keep,missing=5.4%; target_corr=0.016
PREV_NAME_PORTFOLIO_NUNIQUE,float64,5.35,False,False,False,0.0279,,keep,missing=5.4%; target_corr=0.028
PREV_NAME_PRODUCT_TYPE_NUNIQUE,float64,5.35,False,False,False,0.0289,,keep,missing=5.4%; target_corr=0.029
PREV_NAME_SELLER_INDUSTRY_NUNIQUE,float64,5.35,False,False,False,-0.0128,,keep,missing=5.4%; target_corr=-0.013
PREV_NAME_TYPE_SUITE_NUNIQUE,float64,5.35,False,False,False,-0.0198,,keep,missing=5.4%; target_corr=-0.020
PREV_NAME_YIELD_GROUP_NUNIQUE,float64,5.35,False,False,False,-0.0063,,keep,missing=5.4%; target_corr=-0.006
PREV_NFLAG_INSURED_ON_APPROVAL_MAX,float64,5.77,False,False,False,-0.0101,,keep,missing=5.8%; target_corr=-0.010
PREV_NFLAG_INSURED_ON_APPROVAL_MEAN,float64,5.77,False,False,False,-0.0006,,keep,missing=5.8%; target_corr=-0.001
PREV_NFLAG_INSURED_ON_APPROVAL_MIN,float64,5.77,False,False,False,0.0113,,keep,missing=5.8%; target_corr=0.011
PREV_NFLAG_INSURED_ON_APPROVAL_STD,float64,31.66,False,False,False,0.0024,,keep,missing=31.7%; target_corr=0.002
PREV_NFLAG_INSURED_ON_APPROVAL_SUM,float64,5.35,False,False,False,-0.0143,,keep,missing=5.4%; target_corr=-0.014
PREV_NFLAG_LAST_APPL_IN_DAY_MEAN,float64,5.35,False,False,False,-0.0038,,keep,missing=5.4%; target_corr=-0.004
PREV_NFLAG_LAST_APPL_IN_DAY_MIN,float64,5.35,False,False,False,-0.0041,,keep,missing=5.4%; target_corr=-0.004
PREV_NFLAG_LAST_APPL_IN_DAY_STD,float64,22.43,False,False,False,0.0038,PREV_NFLAG_LAST_APPL_IN_DAY_MIN (corr=0.965),keep,"missing=22.4%; target_corr=0.004; redundant_with=[PREV_NFLAG_LAST_APPL_IN_DAY_MIN (corr=0.965)] (kept, monitor for linear models)"
PREV_NFLAG_LAST_APPL_IN_DAY_SUM,float64,5.35,False,False,False,0.0206,PREV_HOUR_APPR_PROCESS_START_SUM (corr=0.957),keep,"missing=5.4%; target_corr=0.021; redundant_with=[PREV_HOUR_APPR_PROCESS_START_SUM (corr=0.957)] (kept, monitor for linear models)"
PREV_POS_CNT_INSTALMENT_FUTURE_MAX_MAX,float64,6.69,False,False,False,0.0146,PREV_POS_CNT_INSTALMENT_MAX_MAX (corr=0.999); PREV_POS_CNT_INSTALMENT_MEAN_MAX (corr=0.983); PREV_POS_CNT_INSTALMENT_FUTURE_MEAN_MAX (corr=0.965),keep,"missing=6.7%; target_corr=0.015; redundant_with=[PREV_POS_CNT_INSTALMENT_MAX_MAX (corr=0.999); PREV_POS_CNT_INSTALMENT_MEAN_MAX (corr=0.983); PREV_POS_CNT_INSTALMENT_FUTURE_MEAN_MAX (corr=0.965)] (kept, monitor for linear models)"
PREV_POS_CNT_INSTALMENT_FUTURE_MAX_MEAN,float64,6.69,False,False,False,0.0281,PREV_POS_CNT_INSTALMENT_MAX_MEAN (corr=0.998); PREV_POS_CNT_INSTALMENT_MEAN_MEAN (corr=0.985); PREV_POS_CNT_INSTALMENT_FUTURE_MEAN_MEAN (corr=0.965),keep,"missing=6.7%; target_corr=0.028; redundant_with=[PREV_POS_CNT_INSTALMENT_MAX_MEAN (corr=0.998); PREV_POS_CNT_INSTALMENT_MEAN_MEAN (corr=0.985); PREV_POS_CNT_INSTALMENT_FUTURE_MEAN_MEAN (corr=0.965)] (kept, monitor for linear models)"
PREV_POS_CNT_INSTALMENT_FUTURE_MEAN_MAX,float64,6.69,False,False,False,0.019,PREV_POS_CNT_INSTALMENT_MEAN_MAX (corr=0.966); PREV_POS_CNT_INSTALMENT_MAX_MAX (corr=0.963),keep,"missing=6.7%; target_corr=0.019; redundant_with=[PREV_POS_CNT_INSTALMENT_MEAN_MAX (corr=0.966); PREV_POS_CNT_INSTALMENT_MAX_MAX (corr=0.963)] (kept, monitor for linear models)"
PREV_POS_CNT_INSTALMENT_FUTURE_MEAN_MEAN,float64,6.69,False,False,False,0.0318,PREV_POS_CNT_INSTALMENT_MAX_MEAN (corr=0.963); PREV_POS_CNT_INSTALMENT_MEAN_MEAN (corr=0.958),keep,"missing=6.7%; target_corr=0.032; redundant_with=[PREV_POS_CNT_INSTALMENT_MAX_MEAN (corr=0.963); PREV_POS_CNT_INSTALMENT_MEAN_MEAN (corr=0.958)] (kept, monitor for linear models)"
PREV_POS_CNT_INSTALMENT_FUTURE_MIN_MAX,float64,6.69,False,False,False,0.0085,,keep,missing=6.7%; target_corr=0.009
PREV_POS_CNT_INSTALMENT_FUTURE_MIN_MEAN,float64,6.69,False,False,False,0.0179,,keep,missing=6.7%; target_corr=0.018
PREV_POS_CNT_INSTALMENT_FUTURE_STD_MAX,float64,6.78,False,False,False,0.0149,,keep,missing=6.8%; target_corr=0.015
PREV_POS_CNT_INSTALMENT_FUTURE_STD_MEAN,float64,6.78,False,False,False,0.0248,,keep,missing=6.8%; target_corr=0.025
PREV_POS_CNT_INSTALMENT_FUTURE_SUM_MAX,float64,6.68,False,False,False,0.0007,PREV_POS_CNT_INSTALMENT_SUM_MAX (corr=0.960),keep,"missing=6.7%; target_corr=0.001; redundant_with=[PREV_POS_CNT_INSTALMENT_SUM_MAX (corr=0.960)] (kept, monitor for linear models)"
PREV_POS_CNT_INSTALMENT_FUTURE_SUM_MEAN,float64,6.68,False,False,False,0.0102,PREV_POS_CNT_INSTALMENT_SUM_MEAN (corr=0.958),keep,"missing=6.7%; target_corr=0.010; redundant_with=[PREV_POS_CNT_INSTALMENT_SUM_MEAN (corr=0.958)] (kept, monitor for linear models)"
PREV_POS_CNT_INSTALMENT_MAX_MAX,float64,6.69,False,False,False,0.0146,PREV_POS_CNT_INSTALMENT_MEAN_MAX (corr=0.983),keep,"missing=6.7%; target_corr=0.015; redundant_with=[PREV_POS_CNT_INSTALMENT_MEAN_MAX (corr=0.983)] (kept, monitor for linear models)"
PREV_POS_CNT_INSTALMENT_MAX_MEAN,float64,6.69,False,False,False,0.0279,PREV_POS_CNT_INSTALMENT_MEAN_MEAN (corr=0.985),keep,"missing=6.7%; target_corr=0.028; redundant_with=[PREV_POS_CNT_INSTALMENT_MEAN_MEAN (corr=0.985)] (kept, monitor for linear models)"
PREV_POS_CNT_INSTALMENT_MEAN_MAX,float64,6.69,False,False,False,0.0119,,keep,missing=6.7%; target_corr=0.012
PREV_POS_CNT_INSTALMENT_MEAN_MEAN,float64,6.69,False,False,False,0.0248,,keep,missing=6.7%; target_corr=0.025
PREV_POS_CNT_INSTALMENT_MIN_MAX,float64,6.69,False,False,False,-0.0017,,keep,missing=6.7%; target_corr=-0.002
PREV_POS_CNT_INSTALMENT_MIN_MEAN,float64,6.69,False,False,False,0.0065,,keep,missing=6.7%; target_corr=0.007
PREV_POS_CNT_INSTALMENT_STD_MAX,float64,6.78,False,False,False,0.0221,,keep,missing=6.8%; target_corr=0.022
PREV_POS_CNT_INSTALMENT_STD_MEAN,float64,6.78,False,False,False,0.0309,,keep,missing=6.8%; target_corr=0.031
PREV_POS_CNT_INSTALMENT_SUM_MAX,float64,6.68,False,False,False,-0.0075,,keep,missing=6.7%; target_corr=-0.008
PREV_POS_CNT_INSTALMENT_SUM_MEAN,float64,6.68,False,False,False,0.003,,keep,missing=6.7%; target_corr=0.003
PREV_POS_COUNT_MAX,float64,6.68,False,False,False,-0.0173,PREV_POS_MONTHS_BALANCE_STD_MAX (corr=0.998),keep,"missing=6.7%; target_corr=-0.017; redundant_with=[PREV_POS_MONTHS_BALANCE_STD_MAX (corr=0.998)] (kept, monitor for linear models)"
PREV_POS_COUNT_MEAN,float64,6.68,False,False,False,-0.0043,PREV_POS_MONTHS_BALANCE_STD_MEAN (corr=0.993),keep,"missing=6.7%; target_corr=-0.004; redundant_with=[PREV_POS_MONTHS_BALANCE_STD_MEAN (corr=0.993)] (kept, monitor for linear models)"
PREV_POS_MONTHS_BALANCE_MAX_MAX,float64,6.68,False,False,False,-0.0036,PREV_POS_MONTHS_BALANCE_MEAN_MAX (corr=0.981),keep,"missing=6.7%; target_corr=-0.004; redundant_with=[PREV_POS_MONTHS_BALANCE_MEAN_MAX (corr=0.981)] (kept, monitor for linear models)"
PREV_POS_MONTHS_BALANCE_MAX_MEAN,float64,6.68,False,False,False,0.0326,PREV_POS_MONTHS_BALANCE_MEAN_MEAN (corr=0.990); PREV_POS_MONTHS_BALANCE_MIN_MEAN (corr=0.962),keep,"missing=6.7%; target_corr=0.033; redundant_with=[PREV_POS_MONTHS_BALANCE_MEAN_MEAN (corr=0.990); PREV_POS_MONTHS_BALANCE_MIN_MEAN (corr=0.962)] (kept, monitor for linear models)"
PREV_POS_MONTHS_BALANCE_MEAN_MAX,float64,6.68,False,False,False,-0.0029,,keep,missing=6.7%; target_corr=-0.003
PREV_POS_MONTHS_BALANCE_MEAN_MEAN,float64,6.68,False,False,False,0.0331,,keep,missing=6.7%; target_corr=0.033
PREV_POS_MONTHS_BALANCE_MIN_MAX,float64,6.68,False,False,False,-0.0021,PREV_POS_MONTHS_BALANCE_MEAN_MAX (corr=0.984),keep,"missing=6.7%; target_corr=-0.002; redundant_with=[PREV_POS_MONTHS_BALANCE_MEAN_MAX (corr=0.984)] (kept, monitor for linear models)"
PREV_POS_MONTHS_BALANCE_MIN_MEAN,float64,6.68,False,False,False,0.0329,PREV_POS_MONTHS_BALANCE_MEAN_MEAN (corr=0.991),keep,"missing=6.7%; target_corr=0.033; redundant_with=[PREV_POS_MONTHS_BALANCE_MEAN_MEAN (corr=0.991)] (kept, monitor for linear models)"
PREV_POS_MONTHS_BALANCE_STD_MAX,float64,6.77,False,False,False,-0.0169,,keep,missing=6.8%; target_corr=-0.017
PREV_POS_MONTHS_BALANCE_STD_MEAN,float64,6.77,False,False,False,-0.0033,,keep,missing=6.8%; target_corr=-0.003
PREV_POS_MONTHS_BALANCE_SUM_MAX,float64,6.68,False,False,False,-0.0031,,keep,missing=6.7%; target_corr=-0.003
PREV_POS_MONTHS_BALANCE_SUM_MEAN,float64,6.68,False,False,False,0.0242,,keep,missing=6.7%; target_corr=0.024
PREV_POS_NAME_CONTRACT_STATUS_NUNIQUE_MAX,float64,6.68,False,False,False,-0.0094,,keep,missing=6.7%; target_corr=-0.009
PREV_POS_NAME_CONTRACT_STATUS_NUNIQUE_MEAN,float64,6.68,False,False,False,0.0077,,keep,missing=6.7%; target_corr=0.008
PREV_POS_SK_DPD_DEF_MAX_MAX,float64,6.68,False,False,False,0.0368,,keep,missing=6.7%; target_corr=0.037
PREV_POS_SK_DPD_DEF_MAX_MEAN,float64,6.68,False,False,False,0.0456,,keep,missing=6.7%; target_corr=0.046
PREV_POS_SK_DPD_DEF_MEAN_MAX,float64,6.68,False,False,False,0.0287,,keep,missing=6.7%; target_corr=0.029
PREV_POS_SK_DPD_DEF_MEAN_MEAN,float64,6.68,False,False,False,0.0361,,keep,missing=6.7%; target_corr=0.036
PREV_POS_SK_DPD_DEF_STD_MAX,float64,6.77,False,False,False,0.0367,PREV_POS_SK_DPD_DEF_MAX_MAX (corr=0.980),keep,"missing=6.8%; target_corr=0.037; redundant_with=[PREV_POS_SK_DPD_DEF_MAX_MAX (corr=0.980)] (kept, monitor for linear models)"
PREV_POS_SK_DPD_DEF_STD_MEAN,float64,6.77,False,False,False,0.0461,PREV_POS_SK_DPD_DEF_MAX_MEAN (corr=0.979),keep,"missing=6.8%; target_corr=0.046; redundant_with=[PREV_POS_SK_DPD_DEF_MAX_MEAN (corr=0.979)] (kept, monitor for linear models)"
PREV_POS_SK_DPD_DEF_SUM_MAX,float64,6.68,False,False,False,0.0064,PREV_POS_SK_DPD_DEF_SUM_MEAN (corr=0.993),keep,"missing=6.7%; target_corr=0.006; redundant_with=[PREV_POS_SK_DPD_DEF_SUM_MEAN (corr=0.993)] (kept, monitor for linear models)"
PREV_POS_SK_DPD_DEF_SUM_MEAN,float64,6.68,False,False,False,0.0081,,keep,missing=6.7%; target_corr=0.008
PREV_POS_SK_DPD_MAX_MAX,float64,6.68,False,False,False,0.0059,,keep,missing=6.7%; target_corr=0.006
PREV_POS_SK_DPD_MAX_MEAN,float64,6.68,False,False,False,0.0066,,keep,missing=6.7%; target_corr=0.007
PREV_POS_SK_DPD_MEAN_MAX,float64,6.68,False,False,False,0.0061,,keep,missing=6.7%; target_corr=0.006
PREV_POS_SK_DPD_MEAN_MEAN,float64,6.68,False,False,False,0.0069,,keep,missing=6.7%; target_corr=0.007
PREV_POS_SK_DPD_STD_MAX,float64,6.77,False,False,False,0.0066,PREV_POS_SK_DPD_MAX_MAX (corr=0.993),keep,"missing=6.8%; target_corr=0.007; redundant_with=[PREV_POS_SK_DPD_MAX_MAX (corr=0.993)] (kept, monitor for linear models)"
PREV_POS_SK_DPD_STD_MEAN,float64,6.77,False,False,False,0.0076,PREV_POS_SK_DPD_MAX_MEAN (corr=0.990),keep,"missing=6.8%; target_corr=0.008; redundant_with=[PREV_POS_SK_DPD_MAX_MEAN (corr=0.990)] (kept, monitor for linear models)"
PREV_POS_SK_DPD_SUM_MAX,float64,6.68,False,False,False,0.0042,PREV_POS_SK_DPD_MEAN_MAX (corr=0.960),keep,"missing=6.7%; target_corr=0.004; redundant_with=[PREV_POS_SK_DPD_MEAN_MAX (corr=0.960)] (kept, monitor for linear models)"
PREV_POS_SK_DPD_SUM_MEAN,float64,6.68,False,False,False,0.0046,PREV_POS_SK_DPD_MEAN_MEAN (corr=0.971),keep,"missing=6.7%; target_corr=0.005; redundant_with=[PREV_POS_SK_DPD_MEAN_MEAN (corr=0.971)] (kept, monitor for linear models)"
PREV_PRODUCT_COMBINATION_NUNIQUE,float64,5.35,False,False,False,0.0103,,keep,missing=5.4%; target_corr=0.010
PREV_RATE_DOWN_PAYMENT_MAX,float64,11.03,False,False,False,-0.0386,,keep,missing=11.0%; target_corr=-0.039
PREV_RATE_DOWN_PAYMENT_MEAN,float64,11.03,False,False,False,-0.0329,,keep,missing=11.0%; target_corr=-0.033
PREV_RATE_DOWN_PAYMENT_MIN,float64,11.03,False,False,False,-0.0151,,keep,missing=11.0%; target_corr=-0.015
PREV_RATE_DOWN_PAYMENT_STD,float64,46.22,False,False,False,-0.0293,,keep,missing=46.2%; target_corr=-0.029
PREV_RATE_DOWN_PAYMENT_SUM,float64,5.35,False,False,False,-0.039,,keep,missing=5.4%; target_corr=-0.039
PREV_RATE_INTEREST_PRIMARY_SUM,float64,5.35,False,False,False,0.0009,,keep,missing=5.4%; target_corr=0.001
PREV_RATE_INTEREST_PRIVILEGED_SUM,float64,5.35,False,False,False,0.0017,,keep,missing=5.4%; target_corr=0.002
PREV_SELLERPLACE_AREA_MAX,float64,5.35,False,False,False,-0.0031,,keep,missing=5.4%; target_corr=-0.003
PREV_SELLERPLACE_AREA_MEAN,float64,5.35,False,False,False,-0.0025,,keep,missing=5.4%; target_corr=-0.002
PREV_SELLERPLACE_AREA_MIN,float64,5.35,False,False,False,-0.0013,PREV_SELLERPLACE_AREA_MEAN (corr=0.983),keep,"missing=5.4%; target_corr=-0.001; redundant_with=[PREV_SELLERPLACE_AREA_MEAN (corr=0.983)] (kept, monitor for linear models)"
PREV_SELLERPLACE_AREA_STD,float64,22.43,False,False,False,-0.0043,PREV_SELLERPLACE_AREA_MAX (corr=0.989); PREV_SELLERPLACE_AREA_SUM (corr=0.965),keep,"missing=22.4%; target_corr=-0.004; redundant_with=[PREV_SELLERPLACE_AREA_MAX (corr=0.989); PREV_SELLERPLACE_AREA_SUM (corr=0.965)] (kept, monitor for linear models)"
PREV_SELLERPLACE_AREA_SUM,float64,5.35,False,False,False,-0.0039,PREV_SELLERPLACE_AREA_MAX (corr=0.979),keep,"missing=5.4%; target_corr=-0.004; redundant_with=[PREV_SELLERPLACE_AREA_MAX (corr=0.979)] (kept, monitor for linear models)"
PREV_WEEKDAY_APPR_PROCESS_START_NUNIQUE,float64,5.35,False,False,False,0.0023,,keep,missing=5.4%; target_corr=0.002
REGION_POPULATION_RELATIVE,float64,0.0,False,False,False,-0.0372,,keep,missing=0.0%; target_corr=-0.037
REGION_RATING_CLIENT,int64,0.0,False,False,False,0.0589,,keep,missing=0.0%; target_corr=0.059
REGION_RATING_CLIENT_W_CITY,int64,0.0,False,False,False,0.0613,REGION_RATING_CLIENT (corr=0.951),keep,"missing=0.0%; target_corr=0.061; redundant_with=[REGION_RATING_CLIENT (corr=0.951)] (kept, monitor for linear models)"
REG_CITY_NOT_LIVE_CITY,int64,0.0,False,False,False,0.0457,,keep,missing=0.0%; target_corr=0.046
REG_CITY_NOT_WORK_CITY,int64,0.0,False,False,False,0.0517,,keep,missing=0.0%; target_corr=0.052
REG_REGION_NOT_LIVE_REGION,int64,0.0,False,False,False,0.0047,,keep,missing=0.0%; target_corr=0.005
REG_REGION_NOT_WORK_REGION,int64,0.0,False,False,False,0.0067,,keep,missing=0.0%; target_corr=0.007
TOTALAREA_MODE,float64,48.27,False,False,False,-0.0318,,keep,missing=48.3%; target_corr=-0.032
WALLSMATERIAL_MODE,object,50.84,False,False,False,,,keep,missing=50.8%
WEEKDAY_APPR_PROCESS_START,object,0.0,False,False,False,,,keep,missing=0.0%
YEARS_BEGINEXPLUATATION_AVG,float64,48.78,False,False,False,-0.0107,,keep,missing=48.8%; target_corr=-0.011
YEARS_BEGINEXPLUATATION_MEDI,float64,48.78,False,False,False,-0.0108,YEARS_BEGINEXPLUATATION_AVG (corr=0.994); YEARS_BEGINEXPLUATATION_MODE (corr=0.967),keep,"missing=48.8%; target_corr=-0.011; redundant_with=[YEARS_BEGINEXPLUATATION_AVG (corr=0.994); YEARS_BEGINEXPLUATATION_MODE (corr=0.967)] (kept, monitor for linear models)"
YEARS_BEGINEXPLUATATION_MODE,float64,48.78,False,False,False,-0.0098,YEARS_BEGINEXPLUATATION_AVG (corr=0.973),keep,"missing=48.8%; target_corr=-0.010; redundant_with=[YEARS_BEGINEXPLUATATION_AVG (corr=0.973)] (kept, monitor for linear models)"
YEARS_BUILD_AVG,float64,66.5,False,False,False,-0.0214,,keep,missing=66.5%; target_corr=-0.021
YEARS_BUILD_MEDI,float64,66.5,False,False,False,-0.0216,YEARS_BUILD_AVG (corr=0.998); YEARS_BUILD_MODE (corr=0.989),keep,"missing=66.5%; target_corr=-0.022; redundant_with=[YEARS_BUILD_AVG (corr=0.998); YEARS_BUILD_MODE (corr=0.989)] (kept, monitor for linear models)"
YEARS_BUILD_MODE,float64,66.5,False,False,False,-0.0211,YEARS_BUILD_AVG (corr=0.989),keep,"missing=66.5%; target_corr=-0.021; redundant_with=[YEARS_BUILD_AVG (corr=0.989)] (kept, monitor for linear models)"
